theta_deg,r_mm,z_mm
0.000000,0.000000,88.150729
0.153465,0.236111,88.151339
0.306921,0.472222,88.153168
0.460360,0.708333,88.156216
0.613774,0.944444,88.160484
0.767153,1.180556,88.165969
0.920490,1.416667,88.172673
1.073775,1.652778,88.180594
1.227000,1.888889,88.189731
1.380157,2.125000,88.200084
1.533237,2.361111,88.211651
1.686233,2.597222,88.224431
1.839134,2.833333,88.238423
1.991933,3.069444,88.253625
2.144623,3.305556,88.270036
2.297193,3.541667,88.287655
2.449637,3.777778,88.306478
2.601946,4.013889,88.326505
2.754111,4.250000,88.347733
2.906125,4.486111,88.370161
3.057980,4.722222,88.393785
3.209668,4.958333,88.418603
3.361180,5.194444,88.444614
3.512509,5.430556,88.471813
3.663647,5.666667,88.500200
3.814586,5.902778,88.529770
3.965319,6.138889,88.560520
4.115837,6.375000,88.592449
4.266134,6.611111,88.625551
4.416202,6.847222,88.659825
4.566034,7.083333,88.695267
4.715622,7.319444,88.731873
4.864958,7.555556,88.769640
5.014037,7.791667,88.808563
5.162850,8.027778,88.848640
5.311391,8.263889,88.889867
5.459654,8.500000,88.932238
5.607630,8.736111,88.975751
5.755313,8.972222,89.020402
5.902698,9.208333,89.066185
6.049776,9.444444,89.113096
6.196543,9.680556,89.161132
6.342991,9.916667,89.210288
6.489114,10.152778,89.260558
6.634907,10.388889,89.311940
6.780363,10.625000,89.364427
6.925475,10.861111,89.418014
7.070240,11.097222,89.472698
7.214650,11.333333,89.528473
7.358699,11.569444,89.585334
7.502384,11.805556,89.643277
7.645697,12.041667,89.702295
7.788635,12.277778,89.762384
7.931190,12.513889,89.823538
8.073360,12.750000,89.885752
8.215138,12.986111,89.949021
8.356519,13.222222,90.013339
8.497500,13.458333,90.078702
8.638074,13.694444,90.145102
8.778238,13.930556,90.212535
8.917988,14.166667,90.280995
9.057318,14.402778,90.350477
9.196225,14.638889,90.420974
9.334705,14.875000,90.492482
9.472753,15.111111,90.564993
9.610365,15.347222,90.638503
9.747539,15.583333,90.713005
9.884269,15.819444,90.788494
10.020553,16.055556,90.864963
10.156387,16.291667,90.942408
10.291768,16.527778,91.020820
10.426692,16.763889,91.100196
10.561157,17.000000,91.180528
10.695158,17.236111,91.261811
10.828694,17.472222,91.344039
10.961761,17.708333,91.427204
11.094357,17.944444,91.511303
11.226479,18.180556,91.596327
11.358124,18.416667,91.682272
11.489290,18.652778,91.769131
11.619975,18.888889,91.856897
11.750176,19.125000,91.945565
11.879892,19.361111,92.035129
12.009119,19.597222,92.125582
12.137857,19.833333,92.216918
12.266103,20.069444,92.309131
12.393855,20.305556,92.402215
12.521112,20.541667,92.496163
12.647873,20.777778,92.590970
12.774135,21.013889,92.686629
12.899898,21.250000,92.783134
13.025159,21.486111,92.880479
13.149918,21.722222,92.978658
13.274174,21.958333,93.077665
13.397925,22.194444,93.177493
13.521171,22.430556,93.278136
13.643910,22.666667,93.379588
13.766142,22.902778,93.481844
13.887866,23.138889,93.584896
14.009081,23.375000,93.688740
14.129787,23.611111,93.793368
14.249983,23.847222,93.898775
14.369669,24.083333,94.004955
14.488844,24.319444,94.111902
14.607508,24.555556,94.219610
14.725661,24.791667,94.328072
14.843303,25.027778,94.437284
14.960433,25.263889,94.547238
15.077051,25.500000,94.657929
15.193158,25.736111,94.769352
15.308753,25.972222,94.881499
15.423838,26.208333,94.994367
15.538411,26.444444,95.107948
15.652473,26.680556,95.222236
15.766025,26.916667,95.337227
15.879067,27.152778,95.452915
15.991599,27.388889,95.569293
16.103622,27.625000,95.686356
16.215136,27.861111,95.804098
16.326143,28.097222,95.922515
16.436642,28.333333,96.041599
16.546634,28.569444,96.161346
16.656121,28.805556,96.281751
16.765103,29.041667,96.402807
16.873580,29.277778,96.524509
16.981554,29.513889,96.646852
17.089026,29.750000,96.769830
17.195997,29.986111,96.893438
17.302467,30.222222,97.017672
17.408438,30.458333,97.142524
17.513911,30.694444,97.267991
17.618886,30.930556,97.394066
17.723366,31.166667,97.520745
17.827351,31.402778,97.648023
17.930843,31.638889,97.775895
18.033843,31.875000,97.904354
18.136352,32.111111,98.033397
18.238372,32.347222,98.163018
18.339904,32.583333,98.293213
18.440949,32.819444,98.423976
18.541509,33.055556,98.555302
18.641585,33.291667,98.687187
18.741179,33.527778,98.819626
18.840293,33.763889,98.952614
18.938928,34.000000,99.086146
19.037085,34.236111,99.220217
19.134766,34.472222,99.354823
19.231973,34.708333,99.489959
19.328708,34.944444,99.625621
19.424971,35.180556,99.761803
19.520766,35.416667,99.898502
19.616093,35.652778,100.035713
19.710954,35.888889,100.173431
19.805351,36.125000,100.311651
19.899286,36.361111,100.450371
19.992761,36.597222,100.589584
20.085777,36.833333,100.729287
20.178336,37.069444,100.869476
20.270440,37.305556,101.010145
20.362092,37.541667,101.151292
20.453292,37.777778,101.292912
20.544042,38.013889,101.435000
20.634345,38.250000,101.577552
20.724203,38.486111,101.720565
20.813617,38.722222,101.864035
20.902589,38.958333,102.007957
20.991122,39.194444,102.152327
21.079217,39.430556,102.297141
21.166876,39.666667,102.442396
21.254101,39.902778,102.588087
21.340894,40.138889,102.734211
21.427257,40.375000,102.880764
21.513192,40.611111,103.027743
21.598701,40.847222,103.175142
21.683786,41.083333,103.322960
21.768449,41.319444,103.471191
21.852692,41.555556,103.619832
21.936517,41.791667,103.768881
22.019926,42.027778,103.918332
22.102922,42.263889,104.068184
22.185505,42.500000,104.218431
22.267678,42.736111,104.369071
22.349444,42.972222,104.520100
22.430804,43.208333,104.671514
22.511759,43.444444,104.823311
22.592313,43.680556,104.975487
22.672468,43.916667,105.128039
22.752224,44.152778,105.280963
22.831585,44.388889,105.434256
22.910553,44.625000,105.587915
22.989128,44.861111,105.741936
23.067314,45.097222,105.896317
23.145112,45.333333,106.051055
23.222525,45.569444,106.206145
23.299555,45.805556,106.361586
23.376202,46.041667,106.517373
23.452471,46.277778,106.673505
23.528362,46.513889,106.829978
23.603877,46.750000,106.986788
23.679019,46.986111,107.143934
23.753789,47.222222,107.301412
23.828190,47.458333,107.459220
23.902224,47.694444,107.617353
23.975892,47.930556,107.775811
24.049197,48.166667,107.934589
24.122140,48.402778,108.093685
24.194724,48.638889,108.253096
24.266950,48.875000,108.412820
24.338821,49.111111,108.572854
24.410338,49.347222,108.733194
24.481503,49.583333,108.893840
24.552319,49.819444,109.054787
24.622787,50.055556,109.216033
24.692910,50.291667,109.377576
24.762688,50.527778,109.539414
24.832125,50.763889,109.701543
24.901222,51.000000,109.863961
24.969980,51.236111,110.026665
25.038403,51.472222,110.189654
25.106491,51.708333,110.352925
25.174247,51.944444,110.516475
25.241672,52.180556,110.680301
25.308769,52.416667,110.844403
25.375540,52.652778,111.008777
25.441985,52.888889,111.173420
25.508107,53.125000,111.338332
25.573909,53.361111,111.503509
25.639391,53.597222,111.668949
25.704555,53.833333,111.834649
25.769404,54.069444,112.000609
25.833940,54.305556,112.166825
25.898163,54.541667,112.333296
25.962076,54.777778,112.500018
26.025681,55.013889,112.666991
26.088979,55.250000,112.834212
26.151973,55.486111,113.001679
26.214663,55.722222,113.169390
26.277052,55.958333,113.337342
26.339142,56.194444,113.505535
26.400934,56.430556,113.673965
26.462430,56.666667,113.842631
26.523632,56.902778,114.011531
26.584541,57.138889,114.180663
26.645159,57.375000,114.350024
26.705488,57.611111,114.519614
26.765530,57.847222,114.689431
26.825286,58.083333,114.859471
26.884758,58.319444,115.029734
26.943948,58.555556,115.200218
27.002857,58.791667,115.370921
27.061487,59.027778,115.541840
27.119839,59.263889,115.712975
27.177916,59.500000,115.884324
27.235718,59.736111,116.055884
27.293248,59.972222,116.227654
27.350507,60.208333,116.399633
27.407497,60.444444,116.571818
27.464219,60.680556,116.744209
27.520675,60.916667,116.916802
27.576866,61.152778,117.089597
27.632794,61.388889,117.262593
27.688461,61.625000,117.435786
27.743868,61.861111,117.609177
27.799016,62.097222,117.782763
27.853908,62.333333,117.956542
27.908544,62.569444,118.130514
27.962927,62.805556,118.304676
28.017057,63.041667,118.479027
28.070937,63.277778,118.653565
28.124567,63.513889,118.828290
28.177949,63.750000,119.003199
28.231085,63.986111,119.178292
28.283976,64.222222,119.353566
28.336623,64.458333,119.529020
28.389029,64.694444,119.704653
28.441194,64.930556,119.880463
28.493119,65.166667,120.056450
28.544807,65.402778,120.232610
28.596259,65.638889,120.408945
28.647476,65.875000,120.585450
28.698459,66.111111,120.762127
28.749210,66.347222,120.938973
28.799730,66.583333,121.115986
28.850021,66.819444,121.293166
28.900083,67.055556,121.470511
28.949919,67.291667,121.648020
28.999530,67.527778,121.825692
29.048917,67.763889,122.003526
29.098081,68.000000,122.181519
29.147023,68.236111,122.359672
29.195745,68.472222,122.537982
29.244249,68.708333,122.716449
29.292535,68.944444,122.895071
29.340605,69.180556,123.073847
29.388460,69.416667,123.252776
29.436101,69.652778,123.431857
29.483530,69.888889,123.611088
29.530747,70.125000,123.790469
29.577755,70.361111,123.969999
29.624554,70.597222,124.149675
29.671145,70.833333,124.329498
29.717531,71.069444,124.509465
29.763711,71.305556,124.689577
29.809687,71.541667,124.869831
29.855461,71.777778,125.050227
29.901034,72.013889,125.230764
29.946406,72.250000,125.411440
29.991579,72.486111,125.592255
30.036554,72.722222,125.773207
30.081332,72.958333,125.954296
30.125914,73.194444,126.135521
30.170303,73.430556,126.316880
30.214497,73.666667,126.498372
30.258500,73.902778,126.679997
30.302311,74.138889,126.861753
30.345933,74.375000,127.043640
30.389366,74.611111,127.225657
30.432610,74.847222,127.407802
30.475669,75.083333,127.590075
30.518541,75.319444,127.772475
30.561229,75.555556,127.955000
30.603734,75.791667,128.137651
30.646056,76.027778,128.320425
30.688197,76.263889,128.503323
30.730157,76.500000,128.686343
30.771939,76.736111,128.869484
30.813542,76.972222,129.052745
30.854968,77.208333,129.236126
30.896217,77.444444,129.419626
30.937292,77.680556,129.603244
30.978193,77.916667,129.786978
31.018920,78.152778,129.970829
31.059475,78.388889,130.154795
31.099859,78.625000,130.338876
31.140073,78.861111,130.523070
31.180118,79.097222,130.707377
31.219994,79.333333,130.891797
31.259704,79.569444,131.076327
31.299247,79.805556,131.260968
31.338624,80.041667,131.445719
31.377837,80.277778,131.630579
31.416887,80.513889,131.815547
31.455774,80.750000,132.000622
31.494500,80.986111,132.185804
31.533065,81.222222,132.371092
31.571470,81.458333,132.556485
31.609716,81.694444,132.741983
31.647804,81.930556,132.927584
31.685735,82.166667,133.113288
31.723510,82.402778,133.299095
31.761130,82.638889,133.485003
31.798595,82.875000,133.671011
31.835906,83.111111,133.857120
31.873065,83.347222,134.043329
31.910072,83.583333,134.229636
31.946929,83.819444,134.416041
31.983635,84.055556,134.602544
32.020191,84.291667,134.789144
32.056599,84.527778,134.975839
32.092860,84.763889,135.162630
32.128974,85.000000,135.349516
