theta_deg,r_mm,z_mm
0.0000,0.0000,75.1327
0.0084,0.0110,75.1359
0.0167,0.0219,75.1392
0.0251,0.0329,75.1424
0.0334,0.0438,75.1457
0.0418,0.0548,75.1490
0.0501,0.0657,75.1523
0.0585,0.0767,75.1556
0.0668,0.0877,75.1589
0.0752,0.0986,75.1623
0.0835,0.1096,75.1656
0.0919,0.1206,75.1690
0.1002,0.1315,75.1723
0.1086,0.1425,75.1757
0.1170,0.1535,75.1791
0.1253,0.1644,75.1826
0.1337,0.1754,75.1860
0.1420,0.1864,75.1894
0.1504,0.1973,75.1929
0.1587,0.2083,75.1963
0.1671,0.2193,75.1998
0.1754,0.2303,75.2033
0.1838,0.2412,75.2068
0.1921,0.2522,75.2103
0.2005,0.2632,75.2139
0.2089,0.2742,75.2174
0.2172,0.2852,75.2210
0.2256,0.2961,75.2246
0.2339,0.3071,75.2281
0.2423,0.3181,75.2317
0.2506,0.3291,75.2353
0.2590,0.3401,75.2390
0.2673,0.3511,75.2426
0.2757,0.3621,75.2462
0.2840,0.3730,75.2499
0.2924,0.3840,75.2536
0.3007,0.3950,75.2572
0.3091,0.4060,75.2609
0.3175,0.4170,75.2646
0.3258,0.4280,75.2684
0.3342,0.4390,75.2721
0.3425,0.4500,75.2758
0.3509,0.4610,75.2796
0.3592,0.4720,75.2834
0.3676,0.4830,75.2871
0.3759,0.4940,75.2909
0.3843,0.5050,75.2947
0.3926,0.5160,75.2986
0.4010,0.5270,75.3024
0.4093,0.5380,75.3062
0.4177,0.5490,75.3101
0.4261,0.5600,75.3139
0.4344,0.5711,75.3178
0.4428,0.5821,75.3217
0.4511,0.5931,75.3256
0.4595,0.6041,75.3295
0.4678,0.6151,75.3334
0.4762,0.6261,75.3374
0.4845,0.6372,75.3413
0.4929,0.6482,75.3453
0.5012,0.6592,75.3493
0.5096,0.6702,75.3532
0.5179,0.6812,75.3572
0.5263,0.6923,75.3612
0.5347,0.7033,75.3653
0.5430,0.7143,75.3693
0.5514,0.7254,75.3733
0.5597,0.7364,75.3774
0.5681,0.7474,75.3814
0.5764,0.7584,75.3855
0.5848,0.7695,75.3896
0.5931,0.7805,75.3937
0.6015,0.7916,75.3978
0.6098,0.8026,75.4019
0.6182,0.8136,75.4061
0.6266,0.8247,75.4102
0.6349,0.8357,75.4143
0.6433,0.8468,75.4185
0.6516,0.8578,75.4227
0.6600,0.8689,75.4269
0.6683,0.8799,75.4311
0.6767,0.8909,75.4353
0.6850,0.9020,75.4395
0.6934,0.9131,75.4437
0.7017,0.9241,75.4480
0.7101,0.9352,75.4522
0.7184,0.9462,75.4565
0.7268,0.9573,75.4608
0.7352,0.9683,75.4650
0.7435,0.9794,75.4693
0.7519,0.9905,75.4737
0.7602,1.0015,75.4780
0.7686,1.0126,75.4823
0.7769,1.0237,75.4866
0.7853,1.0347,75.4910
0.7936,1.0458,75.4953
0.8020,1.0569,75.4997
0.8103,1.0679,75.5041
0.8187,1.0790,75.5085
0.8270,1.0901,75.5129
0.8354,1.1012,75.5173
0.8438,1.1122,75.5217
0.8521,1.1233,75.5262
0.8605,1.1344,75.5306
0.8688,1.1455,75.5351
0.8772,1.1566,75.5395
0.8855,1.1677,75.5440
0.8939,1.1787,75.5485
0.9022,1.1898,75.5530
0.9106,1.2009,75.5575
0.9189,1.2120,75.5620
0.9273,1.2231,75.5666
0.9357,1.2342,75.5711
0.9440,1.2453,75.5756
0.9524,1.2564,75.5802
0.9607,1.2675,75.5848
0.9691,1.2786,75.5894
0.9774,1.2897,75.5939
0.9858,1.3008,75.5985
0.9941,1.3119,75.6032
1.0025,1.3230,75.6078
1.0108,1.3341,75.6124
1.0192,1.3452,75.6170
1.0275,1.3563,75.6217
1.0359,1.3675,75.6264
1.0443,1.3786,75.6310
1.0526,1.3897,75.6357
1.0610,1.4008,75.6404
1.0693,1.4119,75.6451
1.0777,1.4231,75.6498
1.0860,1.4342,75.6545
1.0944,1.4453,75.6592
1.1027,1.4564,75.6640
1.1111,1.4676,75.6687
1.1194,1.4787,75.6735
1.1278,1.4898,75.6783
1.1361,1.5010,75.6830
1.1445,1.5121,75.6878
1.1529,1.5232,75.6926
1.1612,1.5344,75.6974
1.1696,1.5455,75.7022
1.1779,1.5566,75.7071
1.1863,1.5678,75.7119
1.1946,1.5789,75.7167
1.2030,1.5901,75.7216
1.2113,1.6012,75.7265
1.2197,1.6124,75.7313
1.2280,1.6235,75.7362
1.2364,1.6347,75.7411
1.2447,1.6458,75.7460
1.2531,1.6570,75.7509
1.2615,1.6682,75.7558
1.2698,1.6793,75.7608
1.2782,1.6905,75.7657
1.2865,1.7016,75.7707
1.2949,1.7128,75.7756
1.3032,1.7240,75.7806
1.3116,1.7351,75.7856
1.3199,1.7463,75.7905
1.3283,1.7575,75.7955
1.3366,1.7687,75.8005
1.3450,1.7798,75.8055
1.3534,1.7910,75.8106
1.3617,1.8022,75.8156
1.3701,1.8134,75.8206
1.3784,1.8246,75.8257
1.3868,1.8357,75.8307
1.3951,1.8469,75.8358
1.4035,1.8581,75.8409
1.4118,1.8693,75.8460
1.4202,1.8805,75.8511
1.4285,1.8917,75.8562
1.4369,1.9029,75.8613
1.4452,1.9141,75.8664
1.4536,1.9253,75.8715
1.4620,1.9365,75.8766
1.4703,1.9477,75.8818
1.4787,1.9589,75.8869
1.4870,1.9701,75.8921
1.4954,1.9813,75.8973
1.5037,1.9925,75.9025
1.5121,2.0037,75.9077
1.5204,2.0149,75.9128
1.5288,2.0262,75.9181
1.5371,2.0374,75.9233
1.5455,2.0486,75.9285
1.5538,2.0598,75.9337
1.5622,2.0710,75.9390
1.5706,2.0823,75.9442
1.5789,2.0935,75.9495
1.5873,2.1047,75.9547
1.5956,2.1159,75.9600
1.6040,2.1272,75.9653
1.6123,2.1384,75.9706
1.6207,2.1496,75.9759
1.6290,2.1609,75.9812
1.6374,2.1721,75.9865
1.6457,2.1834,75.9918
1.6541,2.1946,75.9972
1.6625,2.2059,76.0025
1.6708,2.2171,76.0079
1.6792,2.2283,76.0132
1.6875,2.2396,76.0186
1.6959,2.2508,76.0240
1.7042,2.2621,76.0293
1.7126,2.2734,76.0347
1.7209,2.2846,76.0401
1.7293,2.2959,76.0455
1.7376,2.3071,76.0510
1.7460,2.3184,76.0564
1.7543,2.3297,76.0618
1.7627,2.3409,76.0672
1.7711,2.3522,76.0727
1.7794,2.3635,76.0782
1.7878,2.3748,76.0836
1.7961,2.3860,76.0891
1.8045,2.3973,76.0946
1.8128,2.4086,76.1001
1.8212,2.4199,76.1056
1.8295,2.4312,76.1111
1.8379,2.4424,76.1166
1.8462,2.4537,76.1221
1.8546,2.4650,76.1276
1.8629,2.4763,76.1331
1.8713,2.4876,76.1387
1.8797,2.4989,76.1442
1.8880,2.5102,76.1498
1.8964,2.5215,76.1554
1.9047,2.5328,76.1609
1.9131,2.5441,76.1665
1.9214,2.5554,76.1721
1.9298,2.5667,76.1777
1.9381,2.5780,76.1833
1.9465,2.5893,76.1889
1.9548,2.6006,76.1945
1.9632,2.6120,76.2002
1.9716,2.6233,76.2058
1.9799,2.6346,76.2115
1.9883,2.6459,76.2171
1.9966,2.6572,76.2228
2.0050,2.6686,76.2284
2.0133,2.6799,76.2341
2.0217,2.6912,76.2398
2.0300,2.7026,76.2455
2.0384,2.7139,76.2512
2.0467,2.7252,76.2569
2.0551,2.7366,76.2626
2.0634,2.7479,76.2683
2.0718,2.7592,76.2740
2.0802,2.7706,76.2798
2.0885,2.7819,76.2855
2.0969,2.7933,76.2912
2.1052,2.8046,76.2970
2.1136,2.8160,76.3028
2.1219,2.8273,76.3085
2.1303,2.8387,76.3143
2.1386,2.8501,76.3201
2.1470,2.8614,76.3259
2.1553,2.8728,76.3317
2.1637,2.8841,76.3375
2.1720,2.8955,76.3433
2.1804,2.9069,76.3491
2.1888,2.9183,76.3550
2.1971,2.9296,76.3608
2.2055,2.9410,76.3666
2.2138,2.9524,76.3725
2.2222,2.9638,76.3783
2.2305,2.9751,76.3842
2.2389,2.9865,76.3901
2.2472,2.9979,76.3960
2.2556,3.0093,76.4018
2.2639,3.0207,76.4077
2.2723,3.0321,76.4136
2.2806,3.0435,76.4195
2.2890,3.0549,76.4255
2.2974,3.0663,76.4314
2.3057,3.0777,76.4373
2.3141,3.0891,76.4432
2.3224,3.1005,76.4492
2.3308,3.1119,76.4551
2.3391,3.1233,76.4611
2.3475,3.1347,76.4670
2.3558,3.1461,76.4730
2.3642,3.1575,76.4790
2.3725,3.1690,76.4850
2.3809,3.1804,76.4910
2.3893,3.1918,76.4970
2.3976,3.2032,76.5030
2.4060,3.2146,76.5090
2.4143,3.2261,76.5150
2.4227,3.2375,76.5210
2.4310,3.2489,76.5270
2.4394,3.2604,76.5331
2.4477,3.2718,76.5391
2.4561,3.2833,76.5452
2.4644,3.2947,76.5512
2.4728,3.3061,76.5573
2.4811,3.3176,76.5634
2.4895,3.3290,76.5694
2.4979,3.3405,76.5755
2.5062,3.3519,76.5816
2.5146,3.3634,76.5877
2.5229,3.3749,76.5938
2.5313,3.3863,76.5999
2.5396,3.3978,76.6060
2.5480,3.4092,76.6122
2.5563,3.4207,76.6183
2.5647,3.4322,76.6244
2.5730,3.4436,76.6306
2.5814,3.4551,76.6367
2.5897,3.4666,76.6429
2.5981,3.4781,76.6490
2.6065,3.4895,76.6552
2.6148,3.5010,76.6614
2.6232,3.5125,76.6676
2.6315,3.5240,76.6738
2.6399,3.5355,76.6800
2.6482,3.5470,76.6862
2.6566,3.5585,76.6924
2.6649,3.5700,76.6986
2.6733,3.5815,76.7048
2.6816,3.5930,76.7110
2.6900,3.6045,76.7173
2.6984,3.6160,76.7235
2.7067,3.6275,76.7297
2.7151,3.6390,76.7360
2.7234,3.6505,76.7423
2.7318,3.6620,76.7485
2.7401,3.6735,76.7548
2.7485,3.6850,76.7611
2.7568,3.6966,76.7673
2.7652,3.7081,76.7736
2.7735,3.7196,76.7799
2.7819,3.7311,76.7862
2.7902,3.7427,76.7925
2.7986,3.7542,76.7989
2.8070,3.7657,76.8052
2.8153,3.7773,76.8115
2.8237,3.7888,76.8178
2.8320,3.8004,76.8242
2.8404,3.8119,76.8305
2.8487,3.8234,76.8369
2.8571,3.8350,76.8432
2.8654,3.8465,76.8496
2.8738,3.8581,76.8560
2.8821,3.8697,76.8623
2.8905,3.8812,76.8687
2.8988,3.8928,76.8751
2.9072,3.9043,76.8815
2.9156,3.9159,76.8879
2.9239,3.9275,76.8943
2.9323,3.9390,76.9007
2.9406,3.9506,76.9071
2.9490,3.9622,76.9136
2.9573,3.9738,76.9200
2.9657,3.9853,76.9264
2.9740,3.9969,76.9329
2.9824,4.0085,76.9393
2.9907,4.0201,76.9458
2.9991,4.0317,76.9522
3.0074,4.0433,76.9587
3.0158,4.0549,76.9652
3.0242,4.0665,76.9716
3.0325,4.0781,76.9781
3.0409,4.0897,76.9846
3.0492,4.1013,76.9911
3.0576,4.1129,76.9976
3.0659,4.1245,77.0041
3.0743,4.1361,77.0106
3.0826,4.1477,77.0172
3.0910,4.1593,77.0237
3.0993,4.1709,77.0302
3.1077,4.1825,77.0367
3.1161,4.1942,77.0433
3.1244,4.2058,77.0498
3.1328,4.2174,77.0564
3.1411,4.2290,77.0629
3.1495,4.2407,77.0695
3.1578,4.2523,77.0761
3.1662,4.2639,77.0826
3.1745,4.2756,77.0892
3.1829,4.2872,77.0958
3.1912,4.2989,77.1024
3.1996,4.3105,77.1090
3.2079,4.3222,77.1156
3.2163,4.3338,77.1222
3.2247,4.3455,77.1288
3.2330,4.3571,77.1355
3.2414,4.3688,77.1421
3.2497,4.3804,77.1487
3.2581,4.3921,77.1554
3.2664,4.4038,77.1620
3.2748,4.4154,77.1686
3.2831,4.4271,77.1753
3.2915,4.4388,77.1820
3.2998,4.4505,77.1886
3.3082,4.4621,77.1953
3.3165,4.4738,77.2020
3.3249,4.4855,77.2086
3.3333,4.4972,77.2153
3.3416,4.5089,77.2220
3.3500,4.5206,77.2287
3.3583,4.5322,77.2354
3.3667,4.5439,77.2421
3.3750,4.5556,77.2489
3.3834,4.5673,77.2556
3.3917,4.5790,77.2623
3.4001,4.5907,77.2690
3.4084,4.6025,77.2758
3.4168,4.6142,77.2825
3.4252,4.6259,77.2892
3.4335,4.6376,77.2960
3.4419,4.6493,77.3028
3.4502,4.6610,77.3095
3.4586,4.6727,77.3163
3.4669,4.6845,77.3231
3.4753,4.6962,77.3298
3.4836,4.7079,77.3366
3.4920,4.7197,77.3434
3.5003,4.7314,77.3502
3.5087,4.7431,77.3570
3.5170,4.7549,77.3638
3.5254,4.7666,77.3706
3.5338,4.7784,77.3774
3.5421,4.7901,77.3843
3.5505,4.8019,77.3911
3.5588,4.8136,77.3979
3.5672,4.8254,77.4048
3.5755,4.8371,77.4116
3.5839,4.8489,77.4184
3.5922,4.8606,77.4253
3.6006,4.8724,77.4322
3.6089,4.8842,77.4390
3.6173,4.8959,77.4459
3.6256,4.9077,77.4528
3.6340,4.9195,77.4596
3.6424,4.9313,77.4665
3.6507,4.9431,77.4734
3.6591,4.9548,77.4803
3.6674,4.9666,77.4872
3.6758,4.9784,77.4941
3.6841,4.9902,77.5010
3.6925,5.0020,77.5079
3.7008,5.0138,77.5148
3.7092,5.0256,77.5218
3.7175,5.0374,77.5287
3.7259,5.0492,77.5356
3.7342,5.0610,77.5426
3.7426,5.0728,77.5495
3.7510,5.0846,77.5565
3.7593,5.0964,77.5634
3.7677,5.1083,77.5704
3.7760,5.1201,77.5773
3.7844,5.1319,77.5843
3.7927,5.1437,77.5913
3.8011,5.1555,77.5983
3.8094,5.1674,77.6052
3.8178,5.1792,77.6122
3.8261,5.1910,77.6192
3.8345,5.2029,77.6262
3.8429,5.2147,77.6332
3.8512,5.2266,77.6402
3.8596,5.2384,77.6473
3.8679,5.2503,77.6543
3.8763,5.2621,77.6613
3.8846,5.2740,77.6683
3.8930,5.2858,77.6754
3.9013,5.2977,77.6824
3.9097,5.3095,77.6894
3.9180,5.3214,77.6965
3.9264,5.3333,77.7035
3.9347,5.3451,77.7106
3.9431,5.3570,77.7177
3.9515,5.3689,77.7247
3.9598,5.3807,77.7318
3.9682,5.3926,77.7389
3.9765,5.4045,77.7460
3.9849,5.4164,77.7531
3.9932,5.4283,77.7601
4.0016,5.4402,77.7672
4.0099,5.4521,77.7743
4.0183,5.4640,77.7814
4.0266,5.4759,77.7886
4.0350,5.4878,77.7957
4.0433,5.4997,77.8028
4.0517,5.5116,77.8099
4.0601,5.5235,77.8171
4.0684,5.5354,77.8242
4.0768,5.5473,77.8313
4.0851,5.5592,77.8385
4.0935,5.5711,77.8456
4.1018,5.5831,77.8528
4.1102,5.5950,77.8599
4.1185,5.6069,77.8671
4.1269,5.6188,77.8743
4.1352,5.6308,77.8814
4.1436,5.6427,77.8886
4.1520,5.6546,77.8958
4.1603,5.6666,77.9030
4.1687,5.6785,77.9102
4.1770,5.6905,77.9174
4.1854,5.7024,77.9246
4.1937,5.7144,77.9318
4.2021,5.7263,77.9390
4.2104,5.7383,77.9462
4.2188,5.7502,77.9534
4.2271,5.7622,77.9606
4.2355,5.7742,77.9679
4.2438,5.7861,77.9751
4.2522,5.7981,77.9823
4.2606,5.8101,77.9896
4.2689,5.8220,77.9968
4.2773,5.8340,78.0041
4.2856,5.8460,78.0113
4.2940,5.8580,78.0186
4.3023,5.8700,78.0258
4.3107,5.8820,78.0331
4.3190,5.8940,78.0404
4.3274,5.9059,78.0477
4.3357,5.9179,78.0549
4.3441,5.9299,78.0622
4.3524,5.9419,78.0695
4.3608,5.9540,78.0768
4.3692,5.9660,78.0841
4.3775,5.9780,78.0914
4.3859,5.9900,78.0987
4.3942,6.0020,78.1061
4.4026,6.0140,78.1134
4.4109,6.0260,78.1207
4.4193,6.0381,78.1280
4.4276,6.0501,78.1354
4.4360,6.0621,78.1427
4.4443,6.0742,78.1500
4.4527,6.0862,78.1574
4.4610,6.0982,78.1647
4.4694,6.1103,78.1721
4.4778,6.1223,78.1794
4.4861,6.1344,78.1868
4.4945,6.1464,78.1942
4.5028,6.1585,78.2015
4.5112,6.1705,78.2089
4.5195,6.1826,78.2163
4.5279,6.1946,78.2237
4.5362,6.2067,78.2311
4.5446,6.2188,78.2385
4.5529,6.2308,78.2459
4.5613,6.2429,78.2533
4.5697,6.2550,78.2607
4.5780,6.2671,78.2681
4.5864,6.2791,78.2755
4.5947,6.2912,78.2829
4.6031,6.3033,78.2903
4.6114,6.3154,78.2978
4.6198,6.3275,78.3052
4.6281,6.3396,78.3126
4.6365,6.3517,78.3201
4.6448,6.3638,78.3275
4.6532,6.3759,78.3350
4.6615,6.3880,78.3424
4.6699,6.4001,78.3499
4.6783,6.4122,78.3573
4.6866,6.4243,78.3648
4.6950,6.4364,78.3723
4.7033,6.4486,78.3797
4.7117,6.4607,78.3872
4.7200,6.4728,78.3947
4.7284,6.4849,78.4022
4.7367,6.4971,78.4097
4.7451,6.5092,78.4172
4.7534,6.5213,78.4247
4.7618,6.5335,78.4322
4.7701,6.5456,78.4397
4.7785,6.5578,78.4472
4.7869,6.5699,78.4547
4.7952,6.5821,78.4622
4.8036,6.5942,78.4698
4.8119,6.6064,78.4773
4.8203,6.6185,78.4848
4.8286,6.6307,78.4924
4.8370,6.6428,78.4999
4.8453,6.6550,78.5075
4.8537,6.6672,78.5150
4.8620,6.6794,78.5226
4.8704,6.6915,78.5301
4.8788,6.7037,78.5377
4.8871,6.7159,78.5453
4.8955,6.7281,78.5528
4.9038,6.7403,78.5604
4.9122,6.7525,78.5680
4.9205,6.7647,78.5756
4.9289,6.7768,78.5831
4.9372,6.7890,78.5907
4.9456,6.8012,78.5983
4.9539,6.8135,78.6059
4.9623,6.8257,78.6135
4.9706,6.8379,78.6211
4.9790,6.8501,78.6288
4.9874,6.8623,78.6364
4.9957,6.8745,78.6440
5.0041,6.8867,78.6516
5.0124,6.8990,78.6592
5.0208,6.9112,78.6669
5.0291,6.9234,78.6745
5.0375,6.9357,78.6822
5.0458,6.9479,78.6898
5.0542,6.9601,78.6974
5.0625,6.9724,78.7051
5.0709,6.9846,78.7128
5.0792,6.9969,78.7204
5.0876,7.0091,78.7281
5.0960,7.0214,78.7357
5.1043,7.0336,78.7434
5.1127,7.0459,78.7511
5.1210,7.0582,78.7588
5.1294,7.0704,78.7665
5.1377,7.0827,78.7741
5.1461,7.0950,78.7818
5.1544,7.1072,78.7895
5.1628,7.1195,78.7972
5.1711,7.1318,78.8049
5.1795,7.1441,78.8126
5.1878,7.1564,78.8204
5.1962,7.1687,78.8281
5.2046,7.1809,78.8358
5.2129,7.1932,78.8435
5.2213,7.2055,78.8512
5.2296,7.2178,78.8590
5.2380,7.2301,78.8667
5.2463,7.2424,78.8744
5.2547,7.2548,78.8822
5.2630,7.2671,78.8899
5.2714,7.2794,78.8977
5.2797,7.2917,78.9054
5.2881,7.3040,78.9132
5.2965,7.3163,78.9210
5.3048,7.3287,78.9287
5.3132,7.3410,78.9365
5.3215,7.3533,78.9443
5.3299,7.3657,78.9521
5.3382,7.3780,78.9598
5.3466,7.3904,78.9676
5.3549,7.4027,78.9754
5.3633,7.4150,78.9832
5.3716,7.4274,78.9910
5.3800,7.4398,78.9988
5.3883,7.4521,79.0066
5.3967,7.4645,79.0144
5.4051,7.4768,79.0222
5.4134,7.4892,79.0300
5.4218,7.5016,79.0379
5.4301,7.5139,79.0457
5.4385,7.5263,79.0535
5.4468,7.5387,79.0613
5.4552,7.5511,79.0692
5.4635,7.5635,79.0770
5.4719,7.5758,79.0849
5.4802,7.5882,79.0927
5.4886,7.6006,79.1006
5.4969,7.6130,79.1084
5.5053,7.6254,79.1163
5.5137,7.6378,79.1241
5.5220,7.6502,79.1320
5.5304,7.6626,79.1399
5.5387,7.6750,79.1477
5.5471,7.6875,79.1556
5.5554,7.6999,79.1635
5.5638,7.7123,79.1714
5.5721,7.7247,79.1793
5.5805,7.7371,79.1872
5.5888,7.7496,79.1951
5.5972,7.7620,79.2030
5.6056,7.7744,79.2109
5.6139,7.7869,79.2188
5.6223,7.7993,79.2267
5.6306,7.8118,79.2346
5.6390,7.8242,79.2425
5.6473,7.8367,79.2504
5.6557,7.8491,79.2584
5.6640,7.8616,79.2663
5.6724,7.8740,79.2742
5.6807,7.8865,79.2821
5.6891,7.8990,79.2901
5.6974,7.9114,79.2980
5.7058,7.9239,79.3060
5.7142,7.9364,79.3139
5.7225,7.9488,79.3219
5.7309,7.9613,79.3298
5.7392,7.9738,79.3378
5.7476,7.9863,79.3458
5.7559,7.9988,79.3537
5.7643,8.0113,79.3617
5.7726,8.0238,79.3697
5.7810,8.0363,79.3777
5.7893,8.0488,79.3857
5.7977,8.0613,79.3936
5.8060,8.0738,79.4016
5.8144,8.0863,79.4096
5.8228,8.0988,79.4176
5.8311,8.1113,79.4256
5.8395,8.1239,79.4336
5.8478,8.1364,79.4416
5.8562,8.1489,79.4497
5.8645,8.1614,79.4577
5.8729,8.1740,79.4657
5.8812,8.1865,79.4737
5.8896,8.1990,79.4817
5.8979,8.2116,79.4898
5.9063,8.2241,79.4978
5.9147,8.2367,79.5058
5.9230,8.2492,79.5139
5.9314,8.2618,79.5219
5.9397,8.2743,79.5300
5.9481,8.2869,79.5380
5.9564,8.2995,79.5461
5.9648,8.3120,79.5541
5.9731,8.3246,79.5622
5.9815,8.3372,79.5703
5.9898,8.3497,79.5783
5.9982,8.3623,79.5864
6.0065,8.3749,79.5945
6.0149,8.3875,79.6026
6.0233,8.4001,79.6107
6.0316,8.4127,79.6187
6.0400,8.4253,79.6268
6.0483,8.4379,79.6349
6.0567,8.4505,79.6430
6.0650,8.4631,79.6511
6.0734,8.4757,79.6592
6.0817,8.4883,79.6673
6.0901,8.5009,79.6754
6.0984,8.5135,79.6836
6.1068,8.5261,79.6917
6.1151,8.5388,79.6998
6.1235,8.5514,79.7079
6.1319,8.5640,79.7161
6.1402,8.5767,79.7242
6.1486,8.5893,79.7323
6.1569,8.6019,79.7405
6.1653,8.6146,79.7486
6.1736,8.6272,79.7568
6.1820,8.6399,79.7649
6.1903,8.6525,79.7731
6.1987,8.6652,79.7812
6.2070,8.6778,79.7894
6.2154,8.6905,79.7975
6.2237,8.7031,79.8057
6.2321,8.7158,79.8139
6.2405,8.7285,79.8221
6.2488,8.7412,79.8302
6.2572,8.7538,79.8384
6.2655,8.7665,79.8466
6.2739,8.7792,79.8548
6.2822,8.7919,79.8630
6.2906,8.8046,79.8712
6.2989,8.8173,79.8794
6.3073,8.8300,79.8876
6.3156,8.8427,79.8958
6.3240,8.8554,79.9040
6.3324,8.8681,79.9122
6.3407,8.8808,79.9204
6.3491,8.8935,79.9286
6.3574,8.9062,79.9369
6.3658,8.9189,79.9451
6.3741,8.9316,79.9533
6.3825,8.9444,79.9615
6.3908,8.9571,79.9698
6.3992,8.9698,79.9780
6.4075,8.9826,79.9863
6.4159,8.9953,79.9945
6.4242,9.0080,80.0028
6.4326,9.0208,80.0110
6.4410,9.0335,80.0193
6.4493,9.0463,80.0275
6.4577,9.0590,80.0358
6.4660,9.0718,80.0440
6.4744,9.0845,80.0523
6.4827,9.0973,80.0606
6.4911,9.1101,80.0689
6.4994,9.1228,80.0771
6.5078,9.1356,80.0854
6.5161,9.1484,80.0937
6.5245,9.1612,80.1020
6.5328,9.1739,80.1103
6.5412,9.1867,80.1186
6.5496,9.1995,80.1269
6.5579,9.2123,80.1352
6.5663,9.2251,80.1435
6.5746,9.2379,80.1518
6.5830,9.2507,80.1601
6.5913,9.2635,80.1684
6.5997,9.2763,80.1768
6.6080,9.2891,80.1851
6.6164,9.3019,80.1934
6.6247,9.3148,80.2017
6.6331,9.3276,80.2101
6.6415,9.3404,80.2184
6.6498,9.3532,80.2267
6.6582,9.3661,80.2351
6.6665,9.3789,80.2434
6.6749,9.3917,80.2518
6.6832,9.4046,80.2601
6.6916,9.4174,80.2685
6.6999,9.4303,80.2768
6.7083,9.4431,80.2852
6.7166,9.4560,80.2936
6.7250,9.4688,80.3019
6.7333,9.4817,80.3103
6.7417,9.4945,80.3187
6.7501,9.5074,80.3271
6.7584,9.5203,80.3354
6.7668,9.5332,80.3438
6.7751,9.5460,80.3522
6.7835,9.5589,80.3606
6.7918,9.5718,80.3690
6.8002,9.5847,80.3774
6.8085,9.5976,80.3858
6.8169,9.6105,80.3942
6.8252,9.6234,80.4026
6.8336,9.6363,80.4110
6.8419,9.6492,80.4194
6.8503,9.6621,80.4279
6.8587,9.6750,80.4363
6.8670,9.6879,80.4447
6.8754,9.7008,80.4531
6.8837,9.7137,80.4616
6.8921,9.7266,80.4700
6.9004,9.7396,80.4784
6.9088,9.7525,80.4869
6.9171,9.7654,80.4953
6.9255,9.7784,80.5038
6.9338,9.7913,80.5122
6.9422,9.8042,80.5207
6.9505,9.8172,80.5291
6.9589,9.8301,80.5376
6.9673,9.8431,80.5460
6.9756,9.8560,80.5545
6.9840,9.8690,80.5630
6.9923,9.8820,80.5714
7.0007,9.8949,80.5799
7.0090,9.9079,80.5884
7.0174,9.9209,80.5969
7.0257,9.9338,80.6054
7.0341,9.9468,80.6139
7.0424,9.9598,80.6223
7.0508,9.9728,80.6308
7.0592,9.9858,80.6393
7.0675,9.9988,80.6478
7.0759,10.0118,80.6563
7.0842,10.0248,80.6648
7.0926,10.0378,80.6734
7.1009,10.0508,80.6819
7.1093,10.0638,80.6904
7.1176,10.0768,80.6989
7.1260,10.0898,80.7074
7.1343,10.1028,80.7159
7.1427,10.1159,80.7245
7.1510,10.1289,80.7330
7.1594,10.1419,80.7415
7.1678,10.1549,80.7501
7.1761,10.1680,80.7586
7.1845,10.1810,80.7672
7.1928,10.1941,80.7757
7.2012,10.2071,80.7843
7.2095,10.2202,80.7928
7.2179,10.2332,80.8014
7.2262,10.2463,80.8099
7.2346,10.2593,80.8185
7.2429,10.2724,80.8271
7.2513,10.2854,80.8356
7.2596,10.2985,80.8442
7.2680,10.3116,80.8528
7.2764,10.3247,80.8614
7.2847,10.3377,80.8699
7.2931,10.3508,80.8785
7.3014,10.3639,80.8871
7.3098,10.3770,80.8957
7.3181,10.3901,80.9043
7.3265,10.4032,80.9129
7.3348,10.4163,80.9215
7.3432,10.4294,80.9301
7.3515,10.4425,80.9387
7.3599,10.4556,80.9473
7.3683,10.4687,80.9559
7.3766,10.4818,80.9645
7.3850,10.4950,80.9732
7.3933,10.5081,80.9818
7.4017,10.5212,80.9904
7.4100,10.5343,80.9990
7.4184,10.5475,81.0077
7.4267,10.5606,81.0163
7.4351,10.5738,81.0249
7.4434,10.5869,81.0336
7.4518,10.6000,81.0422
7.4601,10.6132,81.0509
7.4685,10.6264,81.0595
7.4769,10.6395,81.0682
7.4852,10.6527,81.0768
7.4936,10.6658,81.0855
7.5019,10.6790,81.0941
7.5103,10.6922,81.1028
7.5186,10.7054,81.1115
7.5270,10.7185,81.1201
7.5353,10.7317,81.1288
7.5437,10.7449,81.1375
7.5520,10.7581,81.1462
7.5604,10.7713,81.1549
7.5687,10.7845,81.1635
7.5771,10.7977,81.1722
7.5855,10.8109,81.1809
7.5938,10.8241,81.1896
7.6022,10.8373,81.1983
7.6105,10.8505,81.2070
7.6189,10.8637,81.2157
7.6272,10.8769,81.2244
7.6356,10.8902,81.2331
7.6439,10.9034,81.2418
7.6523,10.9166,81.2506
7.6606,10.9299,81.2593
7.6690,10.9431,81.2680
7.6773,10.9563,81.2767
7.6857,10.9696,81.2855
7.6941,10.9828,81.2942
7.7024,10.9961,81.3029
7.7108,11.0093,81.3117
7.7191,11.0226,81.3204
7.7275,11.0358,81.3291
7.7358,11.0491,81.3379
7.7442,11.0624,81.3466
7.7525,11.0756,81.3554
7.7609,11.0889,81.3641
7.7692,11.1022,81.3729
7.7776,11.1155,81.3817
7.7860,11.1288,81.3904
7.7943,11.1421,81.3992
7.8027,11.1554,81.4080
7.8110,11.1687,81.4167
7.8194,11.1819,81.4255
7.8277,11.1953,81.4343
7.8361,11.2086,81.4431
7.8444,11.2219,81.4519
7.8528,11.2352,81.4606
7.8611,11.2485,81.4694
7.8695,11.2618,81.4782
7.8778,11.2751,81.4870
7.8862,11.2885,81.4958
7.8946,11.3018,81.5046
7.9029,11.3151,81.5134
7.9113,11.3285,81.5222
7.9196,11.3418,81.5310
7.9280,11.3552,81.5399
7.9363,11.3685,81.5487
7.9447,11.3819,81.5575
7.9530,11.3952,81.5663
7.9614,11.4086,81.5751
7.9697,11.4219,81.5840
7.9781,11.4353,81.5928
7.9864,11.4487,81.6016
7.9948,11.4621,81.6105
8.0032,11.4754,81.6193
8.0115,11.4888,81.6282
8.0199,11.5022,81.6370
8.0282,11.5156,81.6459
8.0366,11.5290,81.6547
8.0449,11.5424,81.6636
8.0533,11.5558,81.6724
8.0616,11.5692,81.6813
8.0700,11.5826,81.6901
8.0783,11.5960,81.6990
8.0867,11.6094,81.7079
8.0951,11.6228,81.7168
8.1034,11.6362,81.7256
8.1118,11.6497,81.7345
8.1201,11.6631,81.7434
8.1285,11.6765,81.7523
8.1368,11.6899,81.7612
8.1452,11.7034,81.7701
8.1535,11.7168,81.7789
8.1619,11.7303,81.7878
8.1702,11.7437,81.7967
8.1786,11.7572,81.8056
8.1869,11.7706,81.8145
8.1953,11.7841,81.8235
8.2037,11.7975,81.8324
8.2120,11.8110,81.8413
8.2204,11.8245,81.8502
8.2287,11.8380,81.8591
8.2371,11.8514,81.8680
8.2454,11.8649,81.8770
8.2538,11.8784,81.8859
8.2621,11.8919,81.8948
8.2705,11.9054,81.9038
8.2788,11.9189,81.9127
8.2872,11.9324,81.9216
8.2955,11.9459,81.9306
8.3039,11.9594,81.9395
8.3123,11.9729,81.9485
8.3206,11.9864,81.9574
8.3290,11.9999,81.9664
8.3373,12.0134,81.9753
8.3457,12.0270,81.9843
8.3540,12.0405,81.9932
8.3624,12.0540,82.0022
8.3707,12.0676,82.0112
8.3791,12.0811,82.0201
8.3874,12.0946,82.0291
8.3958,12.1082,82.0381
8.4041,12.1217,82.0471
8.4125,12.1353,82.0561
8.4209,12.1488,82.0650
8.4292,12.1624,82.0740
8.4376,12.1760,82.0830
8.4459,12.1895,82.0920
8.4543,12.2031,82.1010
8.4626,12.2167,82.1100
8.4710,12.2303,82.1190
8.4793,12.2438,82.1280
8.4877,12.2574,82.1370
8.4960,12.2710,82.1460
8.5044,12.2846,82.1550
8.5128,12.2982,82.1641
8.5211,12.3118,82.1731
8.5295,12.3254,82.1821
8.5378,12.3390,82.1911
8.5462,12.3526,82.2002
8.5545,12.3662,82.2092
8.5629,12.3799,82.2182
8.5712,12.3935,82.2273
8.5796,12.4071,82.2363
8.5879,12.4207,82.2453
8.5963,12.4344,82.2544
8.6046,12.4480,82.2634
8.6130,12.4616,82.2725
8.6214,12.4753,82.2815
8.6297,12.4889,82.2906
8.6381,12.5026,82.2996
8.6464,12.5162,82.3087
8.6548,12.5299,82.3178
8.6631,12.5436,82.3268
8.6715,12.5572,82.3359
8.6798,12.5709,82.3450
8.6882,12.5846,82.3540
8.6965,12.5982,82.3631
8.7049,12.6119,82.3722
8.7132,12.6256,82.3813
8.7216,12.6393,82.3904
8.7300,12.6530,82.3995
8.7383,12.6667,82.4086
8.7467,12.6804,82.4177
8.7550,12.6941,82.4267
8.7634,12.7078,82.4358
8.7717,12.7215,82.4450
8.7801,12.7352,82.4541
8.7884,12.7489,82.4632
8.7968,12.7627,82.4723
8.8051,12.7764,82.4814
8.8135,12.7901,82.4905
8.8219,12.8038,82.4996
8.8302,12.8176,82.5088
8.8386,12.8313,82.5179
8.8469,12.8451,82.5270
8.8553,12.8588,82.5361
8.8636,12.8726,82.5453
8.8720,12.8863,82.5544
8.8803,12.9001,82.5635
8.8887,12.9138,82.5727
8.8970,12.9276,82.5818
8.9054,12.9414,82.5910
8.9137,12.9551,82.6001
8.9221,12.9689,82.6093
8.9305,12.9827,82.6184
8.9388,12.9965,82.6276
8.9472,13.0103,82.6368
8.9555,13.0241,82.6459
8.9639,13.0379,82.6551
8.9722,13.0517,82.6643
8.9806,13.0655,82.6734
8.9889,13.0793,82.6826
8.9973,13.0931,82.6918
9.0056,13.1069,82.7010
9.0140,13.1207,82.7101
9.0223,13.1345,82.7193
9.0307,13.1484,82.7285
9.0391,13.1622,82.7377
9.0474,13.1760,82.7469
9.0558,13.1899,82.7561
9.0641,13.2037,82.7653
9.0725,13.2175,82.7745
9.0808,13.2314,82.7837
9.0892,13.2452,82.7929
9.0975,13.2591,82.8021
9.1059,13.2730,82.8113
9.1142,13.2868,82.8206
9.1226,13.3007,82.8298
9.1310,13.3146,82.8390
9.1393,13.3284,82.8482
9.1477,13.3423,82.8575
9.1560,13.3562,82.8667
9.1644,13.3701,82.8759
9.1727,13.3840,82.8852
9.1811,13.3979,82.8944
9.1894,13.4118,82.9036
9.1978,13.4257,82.9129
9.2061,13.4396,82.9221
9.2145,13.4535,82.9314
9.2228,13.4674,82.9406
9.2312,13.4813,82.9499
9.2396,13.4952,82.9591
9.2479,13.5091,82.9684
9.2563,13.5231,82.9777
9.2646,13.5370,82.9869
9.2730,13.5509,82.9962
9.2813,13.5649,83.0055
9.2897,13.5788,83.0147
9.2980,13.5928,83.0240
9.3064,13.6067,83.0333
9.3147,13.6207,83.0426
9.3231,13.6346,83.0519
9.3314,13.6486,83.0611
9.3398,13.6626,83.0704
9.3482,13.6765,83.0797
9.3565,13.6905,83.0890
9.3649,13.7045,83.0983
9.3732,13.7185,83.1076
9.3816,13.7325,83.1169
9.3899,13.7464,83.1262
9.3983,13.7604,83.1355
9.4066,13.7744,83.1449
9.4150,13.7884,83.1542
9.4233,13.8024,83.1635
9.4317,13.8164,83.1728
9.4400,13.8305,83.1821
9.4484,13.8445,83.1914
9.4568,13.8585,83.2008
9.4651,13.8725,83.2101
9.4735,13.8865,83.2194
9.4818,13.9006,83.2288
9.4902,13.9146,83.2381
9.4985,13.9286,83.2475
9.5069,13.9427,83.2568
9.5152,13.9567,83.2661
9.5236,13.9708,83.2755
9.5319,13.9848,83.2848
9.5403,13.9989,83.2942
9.5487,14.0130,83.3036
9.5570,14.0270,83.3129
9.5654,14.0411,83.3223
9.5737,14.0552,83.3316
9.5821,14.0692,83.3410
9.5904,14.0833,83.3504
9.5988,14.0974,83.3598
9.6071,14.1115,83.3691
9.6155,14.1256,83.3785
9.6238,14.1397,83.3879
9.6322,14.1538,83.3973
9.6405,14.1679,83.4067
9.6489,14.1820,83.4161
9.6573,14.1961,83.4254
9.6656,14.2102,83.4348
9.6740,14.2244,83.4442
9.6823,14.2385,83.4536
9.6907,14.2526,83.4630
9.6990,14.2667,83.4724
9.7074,14.2809,83.4819
9.7157,14.2950,83.4913
9.7241,14.3092,83.5007
9.7324,14.3233,83.5101
9.7408,14.3375,83.5195
9.7491,14.3516,83.5289
9.7575,14.3658,83.5384
9.7659,14.3799,83.5478
9.7742,14.3941,83.5572
9.7826,14.4083,83.5666
9.7909,14.4225,83.5761
9.7993,14.4366,83.5855
9.8076,14.4508,83.5950
9.8160,14.4650,83.6044
9.8243,14.4792,83.6138
9.8327,14.4934,83.6233
9.8410,14.5076,83.6327
9.8494,14.5218,83.6422
9.8578,14.5360,83.6516
9.8661,14.5502,83.6611
9.8745,14.5644,83.6706
9.8828,14.5786,83.6800
9.8912,14.5929,83.6895
9.8995,14.6071,83.6990
9.9079,14.6213,83.7084
9.9162,14.6356,83.7179
9.9246,14.6498,83.7274
9.9329,14.6640,83.7369
9.9413,14.6783,83.7464
9.9496,14.6925,83.7558
9.9580,14.7068,83.7653
9.9664,14.7210,83.7748
9.9747,14.7353,83.7843
9.9831,14.7496,83.7938
9.9914,14.7638,83.8033
9.9998,14.7781,83.8128
10.0081,14.7924,83.8223
10.0165,14.8067,83.8318
10.0248,14.8210,83.8413
10.0332,14.8352,83.8508
10.0415,14.8495,83.8603
10.0499,14.8638,83.8699
10.0582,14.8781,83.8794
10.0666,14.8924,83.8889
10.0750,14.9068,83.8984
10.0833,14.9211,83.9079
10.0917,14.9354,83.9175
10.1000,14.9497,83.9270
10.1084,14.9640,83.9365
10.1167,14.9784,83.9461
10.1251,14.9927,83.9556
10.1334,15.0070,83.9652
10.1418,15.0214,83.9747
10.1501,15.0357,83.9843
10.1585,15.0501,83.9938
10.1668,15.0644,84.0034
10.1752,15.0788,84.0129
10.1836,15.0931,84.0225
10.1919,15.1075,84.0320
10.2003,15.1219,84.0416
10.2086,15.1362,84.0512
10.2170,15.1506,84.0607
10.2253,15.1650,84.0703
10.2337,15.1794,84.0799
10.2420,15.1938,84.0895
10.2504,15.2082,84.0990
10.2587,15.2226,84.1086
10.2671,15.2370,84.1182
10.2755,15.2514,84.1278
10.2838,15.2658,84.1374
10.2922,15.2802,84.1470
10.3005,15.2946,84.1566
10.3089,15.3090,84.1662
10.3172,15.3235,84.1758
10.3256,15.3379,84.1854
10.3339,15.3523,84.1950
10.3423,15.3668,84.2046
10.3506,15.3812,84.2142
10.3590,15.3957,84.2238
10.3673,15.4101,84.2334
10.3757,15.4246,84.2430
10.3841,15.4390,84.2527
10.3924,15.4535,84.2623
10.4008,15.4679,84.2719
10.4091,15.4824,84.2815
10.4175,15.4969,84.2912
10.4258,15.5114,84.3008
10.4342,15.5259,84.3104
10.4425,15.5403,84.3201
10.4509,15.5548,84.3297
10.4592,15.5693,84.3394
10.4676,15.5838,84.3490
10.4759,15.5983,84.3587
10.4843,15.6128,84.3683
10.4927,15.6273,84.3780
10.5010,15.6419,84.3876
10.5094,15.6564,84.3973
10.5177,15.6709,84.4069
10.5261,15.6854,84.4166
10.5344,15.7000,84.4263
10.5428,15.7145,84.4359
10.5511,15.7290,84.4456
10.5595,15.7436,84.4553
10.5678,15.7581,84.4650
10.5762,15.7727,84.4746
10.5846,15.7872,84.4843
10.5929,15.8018,84.4940
10.6013,15.8164,84.5037
10.6096,15.8309,84.5134
10.6180,15.8455,84.5231
10.6263,15.8601,84.5328
10.6347,15.8747,84.5425
10.6430,15.8892,84.5522
10.6514,15.9038,84.5619
10.6597,15.9184,84.5716
10.6681,15.9330,84.5813
10.6764,15.9476,84.5910
10.6848,15.9622,84.6007
10.6932,15.9768,84.6104
10.7015,15.9915,84.6202
10.7099,16.0061,84.6299
10.7182,16.0207,84.6396
10.7266,16.0353,84.6493
10.7349,16.0499,84.6591
10.7433,16.0646,84.6688
10.7516,16.0792,84.6785
10.7600,16.0939,84.6883
10.7683,16.1085,84.6980
10.7767,16.1232,84.7078
10.7850,16.1378,84.7175
10.7934,16.1525,84.7272
10.8018,16.1671,84.7370
10.8101,16.1818,84.7467
10.8185,16.1965,84.7565
10.8268,16.2112,84.7663
10.8352,16.2258,84.7760
10.8435,16.2405,84.7858
10.8519,16.2552,84.7955
10.8602,16.2699,84.8053
10.8686,16.2846,84.8151
10.8769,16.2993,84.8249
10.8853,16.3140,84.8346
10.8936,16.3287,84.8444
10.9020,16.3434,84.8542
10.9104,16.3581,84.8640
10.9187,16.3729,84.8738
10.9271,16.3876,84.8835
10.9354,16.4023,84.8933
10.9438,16.4170,84.9031
10.9521,16.4318,84.9129
10.9605,16.4465,84.9227
10.9688,16.4613,84.9325
10.9772,16.4760,84.9423
10.9855,16.4908,84.9521
10.9939,16.5055,84.9619
11.0023,16.5203,84.9718
11.0106,16.5351,84.9816
11.0190,16.5498,84.9914
11.0273,16.5646,85.0012
11.0357,16.5794,85.0110
11.0440,16.5942,85.0208
11.0524,16.6090,85.0307
11.0607,16.6238,85.0405
11.0691,16.6386,85.0503
11.0774,16.6534,85.0602
11.0858,16.6682,85.0700
11.0941,16.6830,85.0798
11.1025,16.6978,85.0897
11.1109,16.7126,85.0995
11.1192,16.7274,85.1094
11.1276,16.7423,85.1192
11.1359,16.7571,85.1291
11.1443,16.7719,85.1389
11.1526,16.7868,85.1488
11.1610,16.8016,85.1587
11.1693,16.8165,85.1685
11.1777,16.8313,85.1784
11.1860,16.8462,85.1882
11.1944,16.8610,85.1981
11.2027,16.8759,85.2080
11.2111,16.8908,85.2179
11.2195,16.9056,85.2277
11.2278,16.9205,85.2376
11.2362,16.9354,85.2475
11.2445,16.9503,85.2574
11.2529,16.9652,85.2673
11.2612,16.9801,85.2772
11.2696,16.9950,85.2871
11.2779,17.0099,85.2970
11.2863,17.0248,85.3068
11.2946,17.0397,85.3167
11.3030,17.0546,85.3267
11.3114,17.0695,85.3366
11.3197,17.0844,85.3465
11.3281,17.0994,85.3564
11.3364,17.1143,85.3663
11.3448,17.1292,85.3762
11.3531,17.1442,85.3861
11.3615,17.1591,85.3960
11.3698,17.1741,85.4060
11.3782,17.1890,85.4159
11.3865,17.2040,85.4258
11.3949,17.2189,85.4357
11.4032,17.2339,85.4457
11.4116,17.2489,85.4556
11.4200,17.2639,85.4656
11.4283,17.2788,85.4755
11.4367,17.2938,85.4854
11.4450,17.3088,85.4954
11.4534,17.3238,85.5053
11.4617,17.3388,85.5153
11.4701,17.3538,85.5252
11.4784,17.3688,85.5352
11.4868,17.3838,85.5451
11.4951,17.3988,85.5551
11.5035,17.4138,85.5651
11.5118,17.4289,85.5750
11.5202,17.4439,85.5850
11.5286,17.4589,85.5950
11.5369,17.4740,85.6050
11.5453,17.4890,85.6149
11.5536,17.5040,85.6249
11.5620,17.5191,85.6349
11.5703,17.5341,85.6449
11.5787,17.5492,85.6549
11.5870,17.5643,85.6648
11.5954,17.5793,85.6748
11.6037,17.5944,85.6848
11.6121,17.6095,85.6948
11.6204,17.6246,85.7048
11.6288,17.6396,85.7148
11.6372,17.6547,85.7248
11.6455,17.6698,85.7348
11.6539,17.6849,85.7448
11.6622,17.7000,85.7549
11.6706,17.7151,85.7649
11.6789,17.7302,85.7749
11.6873,17.7453,85.7849
11.6956,17.7605,85.7949
11.7040,17.7756,85.8049
11.7123,17.7907,85.8150
11.7207,17.8058,85.8250
11.7291,17.8210,85.8350
11.7374,17.8361,85.8451
11.7458,17.8513,85.8551
11.7541,17.8664,85.8651
11.7625,17.8816,85.8752
11.7708,17.8967,85.8852
11.7792,17.9119,85.8953
11.7875,17.9270,85.9053
11.7959,17.9422,85.9154
11.8042,17.9574,85.9254
11.8126,17.9726,85.9355
11.8209,17.9878,85.9455
11.8293,18.0029,85.9556
11.8377,18.0181,85.9657
11.8460,18.0333,85.9757
11.8544,18.0485,85.9858
11.8627,18.0637,85.9959
11.8711,18.0789,86.0060
11.8794,18.0942,86.0160
11.8878,18.1094,86.0261
11.8961,18.1246,86.0362
11.9045,18.1398,86.0463
11.9128,18.1551,86.0564
11.9212,18.1703,86.0664
11.9295,18.1855,86.0765
11.9379,18.2008,86.0866
11.9463,18.2160,86.0967
11.9546,18.2313,86.1068
11.9630,18.2465,86.1169
11.9713,18.2618,86.1270
11.9797,18.2771,86.1371
11.9880,18.2923,86.1473
11.9964,18.3076,86.1574
12.0047,18.3229,86.1675
12.0131,18.3382,86.1776
12.0214,18.3535,86.1877
12.0298,18.3688,86.1978
12.0382,18.3841,86.2080
12.0465,18.3994,86.2181
12.0549,18.4147,86.2282
12.0632,18.4300,86.2383
12.0716,18.4453,86.2485
12.0799,18.4606,86.2586
12.0883,18.4760,86.2688
12.0966,18.4913,86.2789
12.1050,18.5066,86.2890
12.1133,18.5220,86.2992
12.1217,18.5373,86.3093
12.1300,18.5526,86.3195
12.1384,18.5680,86.3296
12.1468,18.5834,86.3398
12.1551,18.5987,86.3500
12.1635,18.6141,86.3601
12.1718,18.6294,86.3703
12.1802,18.6448,86.3804
12.1885,18.6602,86.3906
12.1969,18.6756,86.4008
12.2052,18.6910,86.4110
12.2136,18.7064,86.4211
12.2219,18.7218,86.4313
12.2303,18.7372,86.4415
12.2386,18.7526,86.4517
12.2470,18.7680,86.4619
12.2554,18.7834,86.4721
12.2637,18.7988,86.4822
12.2721,18.8142,86.4924
12.2804,18.8297,86.5026
12.2888,18.8451,86.5128
12.2971,18.8605,86.5230
12.3055,18.8760,86.5332
12.3138,18.8914,86.5435
12.3222,18.9069,86.5537
12.3305,18.9223,86.5639
12.3389,18.9378,86.5741
12.3472,18.9532,86.5843
12.3556,18.9687,86.5945
12.3640,18.9842,86.6047
12.3723,18.9997,86.6150
12.3807,19.0151,86.6252
12.3890,19.0306,86.6354
12.3974,19.0461,86.6457
12.4057,19.0616,86.6559
12.4141,19.0771,86.6661
12.4224,19.0926,86.6764
12.4308,19.1081,86.6866
12.4391,19.1236,86.6968
12.4475,19.1392,86.7071
12.4559,19.1547,86.7173
12.4642,19.1702,86.7276
12.4726,19.1857,86.7378
12.4809,19.2013,86.7481
12.4893,19.2168,86.7584
12.4976,19.2324,86.7686
12.5060,19.2479,86.7789
12.5143,19.2635,86.7892
12.5227,19.2790,86.7994
12.5310,19.2946,86.8097
12.5394,19.3102,86.8200
12.5477,19.3257,86.8302
12.5561,19.3413,86.8405
12.5645,19.3569,86.8508
12.5728,19.3725,86.8611
12.5812,19.3881,86.8714
12.5895,19.4037,86.8817
12.5979,19.4193,86.8919
12.6062,19.4349,86.9022
12.6146,19.4505,86.9125
12.6229,19.4661,86.9228
12.6313,19.4817,86.9331
12.6396,19.4973,86.9434
12.6480,19.5130,86.9537
12.6563,19.5286,86.9641
12.6647,19.5442,86.9744
12.6731,19.5599,86.9847
12.6814,19.5755,86.9950
12.6898,19.5912,87.0053
12.6981,19.6068,87.0156
12.7065,19.6225,87.0260
12.7148,19.6381,87.0363
12.7232,19.6538,87.0466
12.7315,19.6695,87.0569
12.7399,19.6852,87.0673
12.7482,19.7008,87.0776
12.7566,19.7165,87.0879
12.7650,19.7322,87.0983
12.7733,19.7479,87.1086
12.7817,19.7636,87.1190
12.7900,19.7793,87.1293
12.7984,19.7950,87.1397
12.8067,19.8108,87.1500
12.8151,19.8265,87.1604
12.8234,19.8422,87.1707
12.8318,19.8579,87.1811
12.8401,19.8737,87.1915
12.8485,19.8894,87.2018
12.8568,19.9051,87.2122
12.8652,19.9209,87.2226
12.8736,19.9366,87.2329
12.8819,19.9524,87.2433
12.8903,19.9682,87.2537
12.8986,19.9839,87.2641
12.9070,19.9997,87.2745
12.9153,20.0155,87.2848
12.9237,20.0312,87.2952
12.9320,20.0470,87.3056
12.9404,20.0628,87.3160
12.9487,20.0786,87.3264
12.9571,20.0944,87.3368
12.9654,20.1102,87.3472
12.9738,20.1260,87.3576
12.9822,20.1418,87.3680
12.9905,20.1577,87.3784
12.9989,20.1735,87.3888
13.0072,20.1893,87.3992
13.0156,20.2051,87.4097
13.0239,20.2210,87.4201
13.0323,20.2368,87.4305
13.0406,20.2527,87.4409
13.0490,20.2685,87.4513
13.0573,20.2844,87.4618
13.0657,20.3002,87.4722
13.0741,20.3161,87.4826
13.0824,20.3320,87.4931
13.0908,20.3478,87.5035
13.0991,20.3637,87.5139
13.1075,20.3796,87.5244
13.1158,20.3955,87.5348
13.1242,20.4114,87.5453
13.1325,20.4273,87.5557
13.1409,20.4432,87.5662
13.1492,20.4591,87.5766
13.1576,20.4750,87.5871
13.1659,20.4909,87.5976
13.1743,20.5068,87.6080
13.1827,20.5227,87.6185
13.1910,20.5387,87.6289
13.1994,20.5546,87.6394
13.2077,20.5705,87.6499
13.2161,20.5865,87.6604
13.2244,20.6024,87.6708
13.2328,20.6184,87.6813
13.2411,20.6344,87.6918
13.2495,20.6503,87.7023
13.2578,20.6663,87.7128
13.2662,20.6823,87.7233
13.2745,20.6982,87.7337
13.2829,20.7142,87.7442
13.2913,20.7302,87.7547
13.2996,20.7462,87.7652
13.3080,20.7622,87.7757
13.3163,20.7782,87.7862
13.3247,20.7942,87.7968
13.3330,20.8102,87.8073
13.3414,20.8262,87.8178
13.3497,20.8422,87.8283
13.3581,20.8583,87.8388
13.3664,20.8743,87.8493
13.3748,20.8903,87.8598
13.3831,20.9064,87.8704
13.3915,20.9224,87.8809
13.3999,20.9385,87.8914
13.4082,20.9545,87.9020
13.4166,20.9706,87.9125
13.4249,20.9866,87.9230
13.4333,21.0027,87.9336
13.4416,21.0188,87.9441
13.4500,21.0348,87.9546
13.4583,21.0509,87.9652
13.4667,21.0670,87.9757
13.4750,21.0831,87.9863
13.4834,21.0992,87.9968
13.4918,21.1153,88.0074
13.5001,21.1314,88.0180
13.5085,21.1475,88.0285
13.5168,21.1636,88.0391
13.5252,21.1798,88.0496
13.5335,21.1959,88.0602
13.5419,21.2120,88.0708
13.5502,21.2281,88.0814
13.5586,21.2443,88.0919
13.5669,21.2604,88.1025
13.5753,21.2766,88.1131
13.5836,21.2927,88.1237
13.5920,21.3089,88.1343
13.6004,21.3251,88.1449
13.6087,21.3412,88.1554
13.6171,21.3574,88.1660
13.6254,21.3736,88.1766
13.6338,21.3898,88.1872
13.6421,21.4060,88.1978
13.6505,21.4221,88.2084
13.6588,21.4383,88.2190
13.6672,21.4545,88.2296
13.6755,21.4708,88.2403
13.6839,21.4870,88.2509
13.6922,21.5032,88.2615
13.7006,21.5194,88.2721
13.7090,21.5356,88.2827
13.7173,21.5519,88.2933
13.7257,21.5681,88.3040
13.7340,21.5843,88.3146
13.7424,21.6006,88.3252
13.7507,21.6168,88.3359
13.7591,21.6331,88.3465
13.7674,21.6494,88.3571
13.7758,21.6656,88.3678
13.7841,21.6819,88.3784
13.7925,21.6982,88.3891
13.8009,21.7144,88.3997
13.8092,21.7307,88.4104
13.8176,21.7470,88.4210
13.8259,21.7633,88.4317
13.8343,21.7796,88.4423
13.8426,21.7959,88.4530
13.8510,21.8122,88.4636
13.8593,21.8285,88.4743
13.8677,21.8449,88.4850
13.8760,21.8612,88.4956
13.8844,21.8775,88.5063
13.8927,21.8938,88.5170
13.9011,21.9102,88.5277
13.9095,21.9265,88.5383
13.9178,21.9429,88.5490
13.9262,21.9592,88.5597
13.9345,21.9756,88.5704
13.9429,21.9920,88.5811
13.9512,22.0083,88.5918
13.9596,22.0247,88.6025
13.9679,22.0411,88.6132
13.9763,22.0575,88.6239
13.9846,22.0738,88.6346
13.9930,22.0902,88.6453
14.0013,22.1066,88.6560
14.0097,22.1230,88.6667
14.0181,22.1394,88.6774
14.0264,22.1559,88.6881
14.0348,22.1723,88.6988
14.0431,22.1887,88.7096
14.0515,22.2051,88.7203
14.0598,22.2216,88.7310
14.0682,22.2380,88.7417
14.0765,22.2544,88.7525
14.0849,22.2709,88.7632
14.0932,22.2873,88.7739
14.1016,22.3038,88.7847
14.1099,22.3203,88.7954
14.1183,22.3367,88.8061
14.1267,22.3532,88.8169
14.1350,22.3697,88.8276
14.1434,22.3862,88.8384
14.1517,22.4026,88.8491
14.1601,22.4191,88.8599
14.1684,22.4356,88.8706
14.1768,22.4521,88.8814
14.1851,22.4686,88.8922
14.1935,22.4851,88.9029
14.2018,22.5017,88.9137
14.2102,22.5182,88.9245
14.2186,22.5347,88.9352
14.2269,22.5512,88.9460
14.2353,22.5678,88.9568
14.2436,22.5843,88.9676
14.2520,22.6009,88.9783
14.2603,22.6174,88.9891
14.2687,22.6340,88.9999
14.2770,22.6505,89.0107
14.2854,22.6671,89.0215
14.2937,22.6837,89.0323
14.3021,22.7003,89.0431
14.3104,22.7168,89.0539
14.3188,22.7334,89.0647
14.3272,22.7500,89.0755
14.3355,22.7666,89.0863
14.3439,22.7832,89.0971
14.3522,22.7998,89.1079
14.3606,22.8164,89.1187
14.3689,22.8331,89.1295
14.3773,22.8497,89.1403
14.3856,22.8663,89.1512
14.3940,22.8829,89.1620
14.4023,22.8996,89.1728
14.4107,22.9162,89.1836
14.4190,22.9329,89.1945
14.4274,22.9495,89.2053
14.4358,22.9662,89.2161
14.4441,22.9828,89.2270
14.4525,22.9995,89.2378
14.4608,23.0162,89.2487
14.4692,23.0328,89.2595
14.4775,23.0495,89.2703
14.4859,23.0662,89.2812
14.4942,23.0829,89.2921
14.5026,23.0996,89.3029
14.5109,23.1163,89.3138
14.5193,23.1330,89.3246
14.5277,23.1497,89.3355
14.5360,23.1664,89.3464
14.5444,23.1832,89.3572
14.5527,23.1999,89.3681
14.5611,23.2166,89.3790
14.5694,23.2334,89.3898
14.5778,23.2501,89.4007
14.5861,23.2669,89.4116
14.5945,23.2836,89.4225
14.6028,23.3004,89.4334
14.6112,23.3171,89.4442
14.6195,23.3339,89.4551
14.6279,23.3507,89.4660
14.6363,23.3675,89.4769
14.6446,23.3842,89.4878
14.6530,23.4010,89.4987
14.6613,23.4178,89.5096
14.6697,23.4346,89.5205
14.6780,23.4514,89.5314
14.6864,23.4682,89.5423
14.6947,23.4851,89.5533
14.7031,23.5019,89.5642
14.7114,23.5187,89.5751
14.7198,23.5355,89.5860
14.7281,23.5524,89.5969
14.7365,23.5692,89.6079
14.7449,23.5861,89.6188
14.7532,23.6029,89.6297
14.7616,23.6198,89.6406
14.7699,23.6366,89.6516
14.7783,23.6535,89.6625
14.7866,23.6704,89.6735
14.7950,23.6872,89.6844
14.8033,23.7041,89.6953
14.8117,23.7210,89.7063
14.8200,23.7379,89.7172
14.8284,23.7548,89.7282
14.8367,23.7717,89.7391
14.8451,23.7886,89.7501
14.8535,23.8055,89.7611
14.8618,23.8224,89.7720
14.8702,23.8394,89.7830
14.8785,23.8563,89.7939
14.8869,23.8732,89.8049
14.8952,23.8901,89.8159
14.9036,23.9071,89.8269
14.9119,23.9240,89.8378
14.9203,23.9410,89.8488
14.9286,23.9580,89.8598
14.9370,23.9749,89.8708
14.9454,23.9919,89.8818
14.9537,24.0089,89.8928
14.9621,24.0258,89.9037
14.9704,24.0428,89.9147
14.9788,24.0598,89.9257
14.9871,24.0768,89.9367
14.9955,24.0938,89.9477
15.0038,24.1108,89.9587
15.0122,24.1278,89.9697
15.0205,24.1448,89.9808
15.0289,24.1619,89.9918
15.0372,24.1789,90.0028
15.0456,24.1959,90.0138
15.0540,24.2130,90.0248
15.0623,24.2300,90.0358
15.0707,24.2471,90.0469
15.0790,24.2641,90.0579
15.0874,24.2812,90.0689
15.0957,24.2982,90.0799
15.1041,24.3153,90.0910
15.1124,24.3324,90.1020
15.1208,24.3494,90.1131
15.1291,24.3665,90.1241
15.1375,24.3836,90.1351
15.1458,24.4007,90.1462
15.1542,24.4178,90.1572
15.1626,24.4349,90.1683
15.1709,24.4520,90.1793
15.1793,24.4691,90.1904
15.1876,24.4863,90.2015
15.1960,24.5034,90.2125
15.2043,24.5205,90.2236
15.2127,24.5377,90.2346
15.2210,24.5548,90.2457
15.2294,24.5719,90.2568
15.2377,24.5891,90.2679
15.2461,24.6063,90.2789
15.2545,24.6234,90.2900
15.2628,24.6406,90.3011
15.2712,24.6578,90.3122
15.2795,24.6749,90.3233
15.2879,24.6921,90.3343
15.2962,24.7093,90.3454
15.3046,24.7265,90.3565
15.3129,24.7437,90.3676
15.3213,24.7609,90.3787
15.3296,24.7781,90.3898
15.3380,24.7953,90.4009
15.3463,24.8126,90.4120
15.3547,24.8298,90.4231
15.3631,24.8470,90.4343
15.3714,24.8643,90.4454
15.3798,24.8815,90.4565
15.3881,24.8987,90.4676
15.3965,24.9160,90.4787
15.4048,24.9333,90.4898
15.4132,24.9505,90.5010
15.4215,24.9678,90.5121
15.4299,24.9851,90.5232
15.4382,25.0023,90.5344
15.4466,25.0196,90.5455
15.4549,25.0369,90.5566
15.4633,25.0542,90.5678
15.4717,25.0715,90.5789
15.4800,25.0888,90.5901
15.4884,25.1061,90.6012
15.4967,25.1234,90.6124
15.5051,25.1408,90.6235
15.5134,25.1581,90.6347
15.5218,25.1754,90.6458
15.5301,25.1928,90.6570
15.5385,25.2101,90.6682
15.5468,25.2275,90.6793
15.5552,25.2448,90.6905
15.5635,25.2622,90.7017
15.5719,25.2795,90.7128
15.5803,25.2969,90.7240
15.5886,25.3143,90.7352
15.5970,25.3317,90.7464
15.6053,25.3490,90.7575
15.6137,25.3664,90.7687
15.6220,25.3838,90.7799
15.6304,25.4012,90.7911
15.6387,25.4186,90.8023
15.6471,25.4361,90.8135
15.6554,25.4535,90.8247
15.6638,25.4709,90.8359
15.6722,25.4883,90.8471
15.6805,25.5058,90.8583
15.6889,25.5232,90.8695
15.6972,25.5407,90.8807
15.7056,25.5581,90.8919
15.7139,25.5756,90.9032
15.7223,25.5930,90.9144
15.7306,25.6105,90.9256
15.7390,25.6280,90.9368
15.7473,25.6454,90.9480
15.7557,25.6629,90.9593
15.7640,25.6804,90.9705
15.7724,25.6979,90.9817
15.7808,25.7154,90.9930
15.7891,25.7329,91.0042
15.7975,25.7504,91.0154
15.8058,25.7679,91.0267
15.8142,25.7855,91.0379
15.8225,25.8030,91.0492
15.8309,25.8205,91.0604
15.8392,25.8381,91.0717
15.8476,25.8556,91.0829
15.8559,25.8731,91.0942
15.8643,25.8907,91.1055
15.8726,25.9083,91.1167
15.8810,25.9258,91.1280
15.8894,25.9434,91.1393
15.8977,25.9610,91.1505
15.9061,25.9786,91.1618
15.9144,25.9961,91.1731
15.9228,26.0137,91.1844
15.9311,26.0313,91.1956
15.9395,26.0489,91.2069
15.9478,26.0665,91.2182
15.9562,26.0842,91.2295
15.9645,26.1018,91.2408
15.9729,26.1194,91.2521
15.9813,26.1370,91.2634
15.9896,26.1547,91.2747
15.9980,26.1723,91.2860
16.0063,26.1900,91.2973
16.0147,26.2076,91.3086
16.0230,26.2253,91.3199
16.0314,26.2429,91.3312
16.0397,26.2606,91.3425
16.0481,26.2783,91.3538
16.0564,26.2960,91.3651
16.0648,26.3136,91.3765
16.0731,26.3313,91.3878
16.0815,26.3490,91.3991
16.0899,26.3667,91.4104
16.0982,26.3844,91.4218
16.1066,26.4022,91.4331
16.1149,26.4199,91.4444
16.1233,26.4376,91.4558
16.1316,26.4553,91.4671
16.1400,26.4731,91.4785
16.1483,26.4908,91.4898
16.1567,26.5085,91.5012
16.1650,26.5263,91.5125
16.1734,26.5441,91.5239
16.1817,26.5618,91.5352
16.1901,26.5796,91.5466
16.1985,26.5974,91.5579
16.2068,26.6151,91.5693
16.2152,26.6329,91.5807
16.2235,26.6507,91.5920
16.2319,26.6685,91.6034
16.2402,26.6863,91.6148
16.2486,26.7041,91.6262
16.2569,26.7219,91.6375
16.2653,26.7398,91.6489
16.2736,26.7576,91.6603
16.2820,26.7754,91.6717
16.2903,26.7932,91.6831
16.2987,26.8111,91.6945
16.3071,26.8289,91.7059
16.3154,26.8468,91.7173
16.3238,26.8646,91.7287
16.3321,26.8825,91.7401
16.3405,26.9004,91.7515
16.3488,26.9182,91.7629
16.3572,26.9361,91.7743
16.3655,26.9540,91.7857
16.3739,26.9719,91.7971
16.3822,26.9898,91.8085
16.3906,27.0077,91.8199
16.3990,27.0256,91.8314
16.4073,27.0435,91.8428
16.4157,27.0614,91.8542
16.4240,27.0794,91.8656
16.4324,27.0973,91.8771
16.4407,27.1152,91.8885
16.4491,27.1332,91.8999
16.4574,27.1511,91.9114
16.4658,27.1691,91.9228
16.4741,27.1870,91.9343
16.4825,27.2050,91.9457
16.4908,27.2230,91.9572
16.4992,27.2409,91.9686
16.5076,27.2589,91.9801
16.5159,27.2769,91.9915
16.5243,27.2949,92.0030
16.5326,27.3129,92.0144
16.5410,27.3309,92.0259
16.5493,27.3489,92.0374
16.5577,27.3669,92.0488
16.5660,27.3850,92.0603
16.5744,27.4030,92.0718
16.5827,27.4210,92.0833
16.5911,27.4390,92.0947
16.5994,27.4571,92.1062
16.6078,27.4751,92.1177
16.6162,27.4932,92.1292
16.6245,27.5113,92.1407
16.6329,27.5293,92.1522
16.6412,27.5474,92.1637
16.6496,27.5655,92.1752
16.6579,27.5836,92.1867
16.6663,27.6016,92.1982
16.6746,27.6197,92.2097
16.6830,27.6378,92.2212
16.6913,27.6559,92.2327
16.6997,27.6741,92.2442
16.7081,27.6922,92.2557
16.7164,27.7103,92.2672
16.7248,27.7284,92.2788
16.7331,27.7466,92.2903
16.7415,27.7647,92.3018
16.7498,27.7828,92.3133
16.7582,27.8010,92.3249
16.7665,27.8192,92.3364
16.7749,27.8373,92.3479
16.7832,27.8555,92.3595
16.7916,27.8737,92.3710
16.7999,27.8918,92.3825
16.8083,27.9100,92.3941
16.8167,27.9282,92.4056
16.8250,27.9464,92.4172
16.8334,27.9646,92.4287
16.8417,27.9828,92.4403
16.8501,28.0010,92.4519
16.8584,28.0193,92.4634
16.8668,28.0375,92.4750
16.8751,28.0557,92.4865
16.8835,28.0740,92.4981
16.8918,28.0922,92.5097
16.9002,28.1104,92.5213
16.9085,28.1287,92.5328
16.9169,28.1470,92.5444
16.9253,28.1652,92.5560
16.9336,28.1835,92.5676
16.9420,28.2018,92.5792
16.9503,28.2201,92.5908
16.9587,28.2384,92.6023
16.9670,28.2567,92.6139
16.9754,28.2750,92.6255
16.9837,28.2933,92.6371
16.9921,28.3116,92.6487
17.0004,28.3299,92.6603
17.0088,28.3482,92.6719
17.0172,28.3665,92.6836
17.0255,28.3849,92.6952
17.0339,28.4032,92.7068
17.0422,28.4216,92.7184
17.0506,28.4399,92.7300
17.0589,28.4583,92.7416
17.0673,28.4766,92.7533
17.0756,28.4950,92.7649
17.0840,28.5134,92.7765
17.0923,28.5318,92.7881
17.1007,28.5502,92.7998
17.1090,28.5686,92.8114
17.1174,28.5870,92.8231
17.1258,28.6054,92.8347
17.1341,28.6238,92.8463
17.1425,28.6422,92.8580
17.1508,28.6606,92.8696
17.1592,28.6790,92.8813
17.1675,28.6975,92.8929
17.1759,28.7159,92.9046
17.1842,28.7344,92.9163
17.1926,28.7528,92.9279
17.2009,28.7713,92.9396
17.2093,28.7897,92.9513
17.2176,28.8082,92.9629
17.2260,28.8267,92.9746
17.2344,28.8452,92.9863
17.2427,28.8637,92.9980
17.2511,28.8822,93.0096
17.2594,28.9006,93.0213
17.2678,28.9192,93.0330
17.2761,28.9377,93.0447
17.2845,28.9562,93.0564
17.2928,28.9747,93.0681
17.3012,28.9932,93.0798
17.3095,29.0118,93.0915
17.3179,29.0303,93.1032
17.3262,29.0489,93.1149
17.3346,29.0674,93.1266
17.3430,29.0860,93.1383
17.3513,29.1045,93.1500
17.3597,29.1231,93.1617
17.3680,29.1417,93.1734
17.3764,29.1603,93.1851
17.3847,29.1788,93.1969
17.3931,29.1974,93.2086
17.4014,29.2160,93.2203
17.4098,29.2346,93.2320
17.4181,29.2533,93.2438
17.4265,29.2719,93.2555
17.4349,29.2905,93.2672
17.4432,29.3091,93.2790
17.4516,29.3278,93.2907
17.4599,29.3464,93.3025
17.4683,29.3651,93.3142
17.4766,29.3837,93.3260
17.4850,29.4024,93.3377
17.4933,29.4210,93.3495
17.5017,29.4397,93.3612
17.5100,29.4584,93.3730
17.5184,29.4771,93.3848
17.5267,29.4957,93.3965
17.5351,29.5144,93.4083
17.5435,29.5331,93.4201
17.5518,29.5519,93.4318
17.5602,29.5706,93.4436
17.5685,29.5893,93.4554
17.5769,29.6080,93.4672
17.5852,29.6267,93.4789
17.5936,29.6455,93.4907
17.6019,29.6642,93.5025
17.6103,29.6830,93.5143
17.6186,29.7017,93.5261
17.6270,29.7205,93.5379
17.6353,29.7392,93.5497
17.6437,29.7580,93.5615
17.6521,29.7768,93.5733
17.6604,29.7956,93.5851
17.6688,29.8144,93.5969
17.6771,29.8332,93.6087
17.6855,29.8520,93.6205
17.6938,29.8708,93.6324
17.7022,29.8896,93.6442
17.7105,29.9084,93.6560
17.7189,29.9272,93.6678
17.7272,29.9461,93.6796
17.7356,29.9649,93.6915
17.7440,29.9838,93.7033
17.7523,30.0026,93.7151
17.7607,30.0215,93.7270
17.7690,30.0403,93.7388
17.7774,30.0592,93.7507
17.7857,30.0781,93.7625
17.7941,30.0970,93.7744
17.8024,30.1158,93.7862
17.8108,30.1347,93.7981
17.8191,30.1536,93.8099
17.8275,30.1725,93.8218
17.8358,30.1915,93.8336
17.8442,30.2104,93.8455
17.8526,30.2293,93.8574
17.8609,30.2482,93.8692
17.8693,30.2672,93.8811
17.8776,30.2861,93.8930
17.8860,30.3050,93.9048
17.8943,30.3240,93.9167
17.9027,30.3430,93.9286
17.9110,30.3619,93.9405
17.9194,30.3809,93.9524
17.9277,30.3999,93.9643
17.9361,30.4189,93.9762
17.9444,30.4379,93.9880
17.9528,30.4568,93.9999
17.9612,30.4758,94.0118
17.9695,30.4949,94.0237
17.9779,30.5139,94.0357
17.9862,30.5329,94.0476
17.9946,30.5519,94.0595
18.0029,30.5710,94.0714
18.0113,30.5900,94.0833
18.0196,30.6090,94.0952
18.0280,30.6281,94.1071
18.0363,30.6471,94.1191
18.0447,30.6662,94.1310
18.0530,30.6853,94.1429
18.0614,30.7044,94.1548
18.0698,30.7234,94.1668
18.0781,30.7425,94.1787
18.0865,30.7616,94.1906
18.0948,30.7807,94.2026
18.1032,30.7998,94.2145
18.1115,30.8189,94.2265
18.1199,30.8381,94.2384
18.1282,30.8572,94.2504
18.1366,30.8763,94.2623
18.1449,30.8955,94.2743
18.1533,30.9146,94.2862
18.1617,30.9338,94.2982
18.1700,30.9529,94.3102
18.1784,30.9721,94.3221
18.1867,30.9912,94.3341
18.1951,31.0104,94.3461
18.2034,31.0296,94.3580
18.2118,31.0488,94.3700
18.2201,31.0680,94.3820
18.2285,31.0872,94.3940
18.2368,31.1064,94.4060
18.2452,31.1256,94.4180
18.2535,31.1448,94.4300
18.2619,31.1640,94.4419
18.2703,31.1833,94.4539
18.2786,31.2025,94.4659
18.2870,31.2217,94.4779
18.2953,31.2410,94.4899
18.3037,31.2602,94.5019
18.3120,31.2795,94.5140
18.3204,31.2988,94.5260
18.3287,31.3180,94.5380
18.3371,31.3373,94.5500
18.3454,31.3566,94.5620
18.3538,31.3759,94.5740
18.3621,31.3952,94.5861
18.3705,31.4145,94.5981
18.3789,31.4338,94.6101
18.3872,31.4531,94.6221
18.3956,31.4725,94.6342
18.4039,31.4918,94.6462
18.4123,31.5111,94.6583
18.4206,31.5305,94.6703
18.4290,31.5498,94.6823
18.4373,31.5692,94.6944
18.4457,31.5885,94.7064
18.4540,31.6079,94.7185
18.4624,31.6273,94.7306
18.4708,31.6467,94.7426
18.4791,31.6660,94.7547
18.4875,31.6854,94.7667
18.4958,31.7048,94.7788
18.5042,31.7242,94.7909
18.5125,31.7437,94.8029
18.5209,31.7631,94.8150
18.5292,31.7825,94.8271
18.5376,31.8019,94.8392
18.5459,31.8214,94.8513
18.5543,31.8408,94.8633
18.5626,31.8603,94.8754
18.5710,31.8797,94.8875
18.5794,31.8992,94.8996
18.5877,31.9186,94.9117
18.5961,31.9381,94.9238
18.6044,31.9576,94.9359
18.6128,31.9771,94.9480
18.6211,31.9966,94.9601
18.6295,32.0161,94.9722
18.6378,32.0356,94.9843
18.6462,32.0551,94.9964
18.6545,32.0746,95.0086
18.6629,32.0941,95.0207
18.6712,32.1137,95.0328
18.6796,32.1332,95.0449
18.6880,32.1528,95.0570
18.6963,32.1723,95.0692
18.7047,32.1919,95.0813
18.7130,32.2114,95.0934
18.7214,32.2310,95.1056
18.7297,32.2506,95.1177
18.7381,32.2702,95.1299
18.7464,32.2898,95.1420
18.7548,32.3093,95.1542
18.7631,32.3290,95.1663
18.7715,32.3486,95.1785
18.7798,32.3682,95.1906
18.7882,32.3878,95.2028
18.7966,32.4074,95.2149
18.8049,32.4271,95.2271
18.8133,32.4467,95.2393
18.8216,32.4663,95.2514
18.8300,32.4860,95.2636
18.8383,32.5057,95.2758
18.8467,32.5253,95.2879
18.8550,32.5450,95.3001
18.8634,32.5647,95.3123
18.8717,32.5844,95.3245
18.8801,32.6040,95.3367
18.8885,32.6237,95.3489
18.8968,32.6435,95.3611
18.9052,32.6632,95.3733
18.9135,32.6829,95.3855
18.9219,32.7026,95.3977
18.9302,32.7223,95.4099
18.9386,32.7421,95.4221
18.9469,32.7618,95.4343
18.9553,32.7816,95.4465
18.9636,32.8013,95.4587
18.9720,32.8211,95.4709
18.9803,32.8408,95.4831
18.9887,32.8606,95.4954
18.9971,32.8804,95.5076
19.0054,32.9002,95.5198
19.0138,32.9200,95.5320
19.0221,32.9398,95.5443
19.0305,32.9596,95.5565
19.0388,32.9794,95.5687
19.0472,32.9992,95.5810
19.0555,33.0191,95.5932
19.0639,33.0389,95.6055
19.0722,33.0587,95.6177
19.0806,33.0786,95.6300
19.0889,33.0984,95.6422
19.0973,33.1183,95.6545
19.1057,33.1382,95.6667
19.1140,33.1580,95.6790
19.1224,33.1779,95.6913
19.1307,33.1978,95.7035
19.1391,33.2177,95.7158
19.1474,33.2376,95.7281
19.1558,33.2575,95.7403
19.1641,33.2774,95.7526
19.1725,33.2973,95.7649
19.1808,33.3172,95.7772
19.1892,33.3372,95.7895
19.1976,33.3571,95.8018
19.2059,33.3771,95.8141
19.2143,33.3970,95.8263
19.2226,33.4170,95.8386
19.2310,33.4369,95.8509
19.2393,33.4569,95.8632
19.2477,33.4769,95.8755
19.2560,33.4969,95.8879
19.2644,33.5168,95.9002
19.2727,33.5368,95.9125
19.2811,33.5568,95.9248
19.2894,33.5769,95.9371
19.2978,33.5969,95.9494
19.3062,33.6169,95.9617
19.3145,33.6369,95.9741
19.3229,33.6570,95.9864
19.3312,33.6770,95.9987
19.3396,33.6971,96.0111
19.3479,33.7171,96.0234
19.3563,33.7372,96.0357
19.3646,33.7572,96.0481
19.3730,33.7773,96.0604
19.3813,33.7974,96.0728
19.3897,33.8175,96.0851
19.3980,33.8376,96.0975
19.4064,33.8577,96.1098
19.4148,33.8778,96.1222
19.4231,33.8979,96.1346
19.4315,33.9180,96.1469
19.4398,33.9382,96.1593
19.4482,33.9583,96.1716
19.4565,33.9784,96.1840
19.4649,33.9986,96.1964
19.4732,34.0187,96.2088
19.4816,34.0389,96.2211
19.4899,34.0591,96.2335
19.4983,34.0792,96.2459
19.5066,34.0994,96.2583
19.5150,34.1196,96.2707
19.5234,34.1398,96.2831
19.5317,34.1600,96.2955
19.5401,34.1802,96.3079
19.5484,34.2004,96.3203
19.5568,34.2207,96.3327
19.5651,34.2409,96.3451
19.5735,34.2611,96.3575
19.5818,34.2814,96.3699
19.5902,34.3016,96.3823
19.5985,34.3219,96.3947
19.6069,34.3421,96.4072
19.6153,34.3624,96.4196
19.6236,34.3827,96.4320
19.6320,34.4029,96.4444
19.6403,34.4232,96.4569
19.6487,34.4435,96.4693
19.6570,34.4638,96.4817
19.6654,34.4841,96.4942
19.6737,34.5045,96.5066
19.6821,34.5248,96.5191
19.6904,34.5451,96.5315
19.6988,34.5654,96.5439
19.7071,34.5858,96.5564
19.7155,34.6061,96.5689
19.7239,34.6265,96.5813
19.7322,34.6469,96.5938
19.7406,34.6672,96.6062
19.7489,34.6876,96.6187
19.7573,34.7080,96.6312
19.7656,34.7284,96.6436
19.7740,34.7488,96.6561
19.7823,34.7692,96.6686
19.7907,34.7896,96.6811
19.7990,34.8100,96.6936
19.8074,34.8304,96.7060
19.8157,34.8508,96.7185
19.8241,34.8713,96.7310
19.8325,34.8917,96.7435
19.8408,34.9122,96.7560
19.8492,34.9326,96.7685
19.8575,34.9531,96.7810
19.8659,34.9736,96.7935
19.8742,34.9940,96.8060
19.8826,35.0145,96.8185
19.8909,35.0350,96.8310
19.8993,35.0555,96.8435
19.9076,35.0760,96.8561
19.9160,35.0965,96.8686
19.9244,35.1170,96.8811
19.9327,35.1376,96.8936
19.9411,35.1581,96.9062
19.9494,35.1786,96.9187
19.9578,35.1992,96.9312
19.9661,35.2197,96.9438
19.9745,35.2403,96.9563
19.9828,35.2609,96.9688
19.9912,35.2814,96.9814
19.9995,35.3020,96.9939
20.0079,35.3226,97.0065
20.0162,35.3432,97.0190
20.0246,35.3638,97.0316
20.0330,35.3844,97.0441
20.0413,35.4050,97.0567
20.0497,35.4256,97.0693
20.0580,35.4463,97.0818
20.0664,35.4669,97.0944
20.0747,35.4875,97.1070
20.0831,35.5082,97.1195
20.0914,35.5288,97.1321
20.0998,35.5495,97.1447
20.1081,35.5702,97.1573
20.1165,35.5908,97.1699
20.1248,35.6115,97.1824
20.1332,35.6322,97.1950
20.1416,35.6529,97.2076
20.1499,35.6736,97.2202
20.1583,35.6943,97.2328
20.1666,35.7150,97.2454
20.1750,35.7358,97.2580
20.1833,35.7565,97.2706
20.1917,35.7772,97.2832
20.2000,35.7980,97.2959
20.2084,35.8187,97.3085
20.2167,35.8395,97.3211
20.2251,35.8602,97.3337
20.2335,35.8810,97.3463
20.2418,35.9018,97.3590
20.2502,35.9226,97.3716
20.2585,35.9434,97.3842
20.2669,35.9642,97.3969
20.2752,35.9850,97.4095
20.2836,36.0058,97.4221
20.2919,36.0266,97.4348
20.3003,36.0474,97.4474
20.3086,36.0683,97.4601
20.3170,36.0891,97.4727
20.3253,36.1100,97.4854
20.3337,36.1308,97.4980
20.3421,36.1517,97.5107
20.3504,36.1726,97.5234
20.3588,36.1934,97.5360
20.3671,36.2143,97.5487
20.3755,36.2352,97.5614
20.3838,36.2561,97.5740
20.3922,36.2770,97.5867
20.4005,36.2979,97.5994
20.4089,36.3188,97.6121
20.4172,36.3398,97.6247
20.4256,36.3607,97.6374
20.4339,36.3816,97.6501
20.4423,36.4026,97.6628
20.4507,36.4235,97.6755
20.4590,36.4445,97.6882
20.4674,36.4655,97.7009
20.4757,36.4864,97.7136
20.4841,36.5074,97.7263
20.4924,36.5284,97.7390
20.5008,36.5494,97.7517
20.5091,36.5704,97.7644
20.5175,36.5914,97.7772
20.5258,36.6124,97.7899
20.5342,36.6334,97.8026
20.5425,36.6545,97.8153
20.5509,36.6755,97.8281
20.5593,36.6966,97.8408
20.5676,36.7176,97.8535
20.5760,36.7387,97.8663
20.5843,36.7597,97.8790
20.5927,36.7808,97.8917
20.6010,36.8019,97.9045
20.6094,36.8230,97.9172
20.6177,36.8441,97.9300
20.6261,36.8652,97.9427
20.6344,36.8863,97.9555
20.6428,36.9074,97.9682
20.6512,36.9285,97.9810
20.6595,36.9496,97.9938
20.6679,36.9708,98.0065
20.6762,36.9919,98.0193
20.6846,37.0131,98.0321
20.6929,37.0342,98.0449
20.7013,37.0554,98.0576
20.7096,37.0766,98.0704
20.7180,37.0977,98.0832
20.7263,37.1189,98.0960
20.7347,37.1401,98.1088
20.7430,37.1613,98.1216
20.7514,37.1825,98.1344
20.7598,37.2037,98.1472
20.7681,37.2250,98.1599
20.7765,37.2462,98.1728
20.7848,37.2674,98.1856
20.7932,37.2887,98.1984
20.8015,37.3099,98.2112
20.8099,37.3312,98.2240
20.8182,37.3524,98.2368
20.8266,37.3737,98.2496
20.8349,37.3950,98.2624
20.8433,37.4163,98.2753
20.8516,37.4376,98.2881
20.8600,37.4589,98.3009
20.8684,37.4802,98.3138
20.8767,37.5015,98.3266
20.8851,37.5228,98.3394
20.8934,37.5441,98.3523
20.9018,37.5655,98.3651
20.9101,37.5868,98.3780
20.9185,37.6082,98.3908
20.9268,37.6295,98.4037
20.9352,37.6509,98.4165
20.9435,37.6723,98.4294
20.9519,37.6936,98.4423
20.9603,37.7150,98.4551
20.9686,37.7364,98.4680
20.9770,37.7578,98.4809
20.9853,37.7792,98.4937
20.9937,37.8006,98.5066
21.0020,37.8221,98.5195
21.0104,37.8435,98.5324
21.0187,37.8649,98.5452
21.0271,37.8864,98.5581
21.0354,37.9078,98.5710
21.0438,37.9293,98.5839
21.0521,37.9508,98.5968
21.0605,37.9722,98.6097
21.0689,37.9937,98.6226
21.0772,38.0152,98.6355
21.0856,38.0367,98.6484
21.0939,38.0582,98.6613
21.1023,38.0797,98.6742
21.1106,38.1012,98.6871
21.1190,38.1227,98.7001
21.1273,38.1443,98.7130
21.1357,38.1658,98.7259
21.1440,38.1874,98.7388
21.1524,38.2089,98.7518
21.1607,38.2305,98.7647
21.1691,38.2520,98.7776
21.1775,38.2736,98.7906
21.1858,38.2952,98.8035
21.1942,38.3168,98.8164
21.2025,38.3384,98.8294
21.2109,38.3600,98.8423
21.2192,38.3816,98.8553
21.2276,38.4032,98.8682
21.2359,38.4249,98.8812
21.2443,38.4465,98.8942
21.2526,38.4681,98.9071
21.2610,38.4898,98.9201
21.2693,38.5114,98.9331
21.2777,38.5331,98.9460
21.2861,38.5548,98.9590
21.2944,38.5764,98.9720
21.3028,38.5981,98.9850
21.3111,38.6198,98.9979
21.3195,38.6415,99.0109
21.3278,38.6632,99.0239
21.3362,38.6849,99.0369
21.3445,38.7067,99.0499
21.3529,38.7284,99.0629
21.3612,38.7501,99.0759
21.3696,38.7719,99.0889
21.3780,38.7936,99.1019
21.3863,38.8154,99.1149
21.3947,38.8371,99.1279
21.4030,38.8589,99.1409
21.4114,38.8807,99.1539
21.4197,38.9025,99.1670
21.4281,38.9243,99.1800
21.4364,38.9461,99.1930
21.4448,38.9679,99.2060
21.4531,38.9897,99.2191
21.4615,39.0115,99.2321
21.4698,39.0334,99.2451
21.4782,39.0552,99.2582
21.4866,39.0771,99.2712
21.4949,39.0989,99.2843
21.5033,39.1208,99.2973
21.5116,39.1426,99.3104
21.5200,39.1645,99.3234
21.5283,39.1864,99.3365
21.5367,39.2083,99.3495
21.5450,39.2302,99.3626
21.5534,39.2521,99.3756
21.5617,39.2740,99.3887
21.5701,39.2959,99.4018
21.5784,39.3179,99.4149
21.5868,39.3398,99.4279
21.5952,39.3618,99.4410
21.6035,39.3837,99.4541
21.6119,39.4057,99.4672
21.6202,39.4276,99.4803
21.6286,39.4496,99.4934
21.6369,39.4716,99.5064
21.6453,39.4936,99.5195
21.6536,39.5156,99.5326
21.6620,39.5376,99.5457
21.6703,39.5596,99.5588
21.6787,39.5816,99.5720
21.6871,39.6036,99.5851
21.6954,39.6257,99.5982
21.7038,39.6477,99.6113
21.7121,39.6698,99.6244
21.7205,39.6918,99.6375
21.7288,39.7139,99.6507
21.7372,39.7360,99.6638
21.7455,39.7580,99.6769
21.7539,39.7801,99.6900
21.7622,39.8022,99.7032
21.7706,39.8243,99.7163
21.7789,39.8464,99.7295
21.7873,39.8686,99.7426
21.7957,39.8907,99.7558
21.8040,39.9128,99.7689
21.8124,39.9349,99.7821
21.8207,39.9571,99.7952
21.8291,39.9793,99.8084
21.8374,40.0014,99.8215
21.8458,40.0236,99.8347
21.8541,40.0458,99.8479
21.8625,40.0679,99.8610
21.8708,40.0901,99.8742
21.8792,40.1123,99.8874
21.8875,40.1345,99.9006
21.8959,40.1568,99.9137
21.9043,40.1790,99.9269
21.9126,40.2012,99.9401
21.9210,40.2235,99.9533
21.9293,40.2457,99.9665
21.9377,40.2680,99.9797
21.9460,40.2902,99.9929
21.9544,40.3125,100.0061
21.9627,40.3348,100.0193
21.9711,40.3570,100.0325
21.9794,40.3793,100.0457
21.9878,40.4016,100.0589
21.9961,40.4239,100.0721
22.0045,40.4463,100.0854
22.0129,40.4686,100.0986
22.0212,40.4909,100.1118
22.0296,40.5133,100.1250
22.0379,40.5356,100.1383
22.0463,40.5580,100.1515
22.0546,40.5803,100.1647
22.0630,40.6027,100.1780
22.0713,40.6251,100.1912
22.0797,40.6474,100.2045
22.0880,40.6698,100.2177
22.0964,40.6922,100.2310
22.1048,40.7146,100.2442
22.1131,40.7371,100.2575
22.1215,40.7595,100.2707
22.1298,40.7819,100.2840
22.1382,40.8043,100.2973
22.1465,40.8268,100.3105
22.1549,40.8492,100.3238
22.1632,40.8717,100.3371
22.1716,40.8942,100.3504
22.1799,40.9167,100.3636
22.1883,40.9391,100.3769
22.1966,40.9616,100.3902
22.2050,40.9841,100.4035
22.2134,41.0066,100.4168
22.2217,41.0291,100.4301
22.2301,41.0517,100.4434
22.2384,41.0742,100.4567
22.2468,41.0967,100.4700
22.2551,41.1193,100.4833
22.2635,41.1418,100.4966
22.2718,41.1644,100.5099
22.2802,41.1870,100.5232
22.2885,41.2095,100.5365
22.2969,41.2321,100.5499
22.3052,41.2547,100.5632
22.3136,41.2773,100.5765
22.3220,41.2999,100.5898
22.3303,41.3226,100.6032
22.3387,41.3452,100.6165
22.3470,41.3678,100.6298
22.3554,41.3904,100.6432
22.3637,41.4131,100.6565
22.3721,41.4358,100.6699
22.3804,41.4584,100.6832
22.3888,41.4811,100.6966
22.3971,41.5038,100.7099
22.4055,41.5264,100.7233
22.4139,41.5491,100.7367
22.4222,41.5718,100.7500
22.4306,41.5946,100.7634
22.4389,41.6173,100.7768
22.4473,41.6400,100.7901
22.4556,41.6627,100.8035
22.4640,41.6855,100.8169
22.4723,41.7082,100.8303
22.4807,41.7310,100.8436
22.4890,41.7537,100.8570
22.4974,41.7765,100.8704
22.5057,41.7993,100.8838
22.5141,41.8221,100.8972
22.5225,41.8449,100.9106
22.5308,41.8677,100.9240
22.5392,41.8905,100.9374
22.5475,41.9133,100.9508
22.5559,41.9361,100.9642
22.5642,41.9590,100.9777
22.5726,41.9818,100.9911
22.5809,42.0047,101.0045
22.5893,42.0275,101.0179
22.5976,42.0504,101.0313
22.6060,42.0733,101.0448
22.6143,42.0962,101.0582
22.6227,42.1191,101.0716
22.6311,42.1420,101.0851
22.6394,42.1649,101.0985
22.6478,42.1878,101.1120
22.6561,42.2107,101.1254
22.6645,42.2336,101.1389
22.6728,42.2566,101.1523
22.6812,42.2795,101.1658
22.6895,42.3025,101.1792
22.6979,42.3254,101.1927
22.7062,42.3484,101.2061
22.7146,42.3714,101.2196
22.7229,42.3944,101.2331
22.7313,42.4174,101.2466
22.7397,42.4404,101.2600
22.7480,42.4634,101.2735
22.7564,42.4864,101.2870
22.7647,42.5094,101.3005
22.7731,42.5325,101.3140
22.7814,42.5555,101.3275
22.7898,42.5785,101.3410
22.7981,42.6016,101.3544
22.8065,42.6247,101.3679
22.8148,42.6477,101.3815
22.8232,42.6708,101.3950
22.8316,42.6939,101.4085
22.8399,42.7170,101.4220
22.8483,42.7401,101.4355
22.8566,42.7632,101.4490
22.8650,42.7864,101.4625
22.8733,42.8095,101.4761
22.8817,42.8326,101.4896
22.8900,42.8558,101.5031
22.8984,42.8789,101.5166
22.9067,42.9021,101.5302
22.9151,42.9253,101.5437
22.9234,42.9484,101.5573
22.9318,42.9716,101.5708
22.9402,42.9948,101.5843
22.9485,43.0180,101.5979
22.9569,43.0412,101.6115
22.9652,43.0645,101.6250
22.9736,43.0877,101.6386
22.9819,43.1109,101.6521
22.9903,43.1342,101.6657
22.9986,43.1574,101.6793
23.0070,43.1807,101.6928
23.0153,43.2039,101.7064
23.0237,43.2272,101.7200
23.0320,43.2505,101.7336
23.0404,43.2738,101.7471
23.0488,43.2971,101.7607
23.0571,43.3204,101.7743
23.0655,43.3437,101.7879
23.0738,43.3671,101.8015
23.0822,43.3904,101.8151
23.0905,43.4137,101.8287
23.0989,43.4371,101.8423
23.1072,43.4604,101.8559
23.1156,43.4838,101.8695
23.1239,43.5072,101.8831
23.1323,43.5306,101.8968
23.1407,43.5539,101.9104
23.1490,43.5773,101.9240
23.1574,43.6007,101.9376
23.1657,43.6242,101.9513
23.1741,43.6476,101.9649
23.1824,43.6710,101.9785
23.1908,43.6945,101.9922
23.1991,43.7179,102.0058
23.2075,43.7414,102.0194
23.2158,43.7648,102.0331
23.2242,43.7883,102.0467
23.2325,43.8118,102.0604
23.2409,43.8353,102.0740
23.2493,43.8588,102.0877
23.2576,43.8823,102.1014
23.2660,43.9058,102.1150
23.2743,43.9293,102.1287
23.2827,43.9528,102.1424
23.2910,43.9764,102.1560
23.2994,43.9999,102.1697
23.3077,44.0235,102.1834
23.3161,44.0470,102.1971
23.3244,44.0706,102.2107
23.3328,44.0942,102.2244
23.3411,44.1178,102.2381
23.3495,44.1414,102.2518
23.3579,44.1650,102.2655
23.3662,44.1886,102.2792
23.3746,44.2122,102.2929
23.3829,44.2358,102.3066
23.3913,44.2595,102.3203
23.3996,44.2831,102.3341
23.4080,44.3068,102.3478
23.4163,44.3304,102.3615
23.4247,44.3541,102.3752
23.4330,44.3778,102.3889
23.4414,44.4015,102.4027
23.4497,44.4251,102.4164
23.4581,44.4489,102.4301
23.4665,44.4726,102.4439
23.4748,44.4963,102.4576
23.4832,44.5200,102.4713
23.4915,44.5437,102.4851
23.4999,44.5675,102.4988
23.5082,44.5912,102.5126
23.5166,44.6150,102.5263
23.5249,44.6388,102.5401
23.5333,44.6626,102.5539
23.5416,44.6863,102.5676
23.5500,44.7101,102.5814
23.5584,44.7339,102.5952
23.5667,44.7578,102.6089
23.5751,44.7816,102.6227
23.5834,44.8054,102.6365
23.5918,44.8292,102.6503
23.6001,44.8531,102.6640
23.6085,44.8769,102.6778
23.6168,44.9008,102.6916
23.6252,44.9247,102.7054
23.6335,44.9485,102.7192
23.6419,44.9724,102.7330
23.6502,44.9963,102.7468
23.6586,45.0202,102.7606
23.6670,45.0441,102.7744
23.6753,45.0681,102.7883
23.6837,45.0920,102.8021
23.6920,45.1159,102.8159
23.7004,45.1399,102.8297
23.7087,45.1638,102.8435
23.7171,45.1878,102.8574
23.7254,45.2118,102.8712
23.7338,45.2357,102.8850
23.7421,45.2597,102.8989
23.7505,45.2837,102.9127
23.7588,45.3077,102.9265
23.7672,45.3318,102.9404
23.7756,45.3558,102.9542
23.7839,45.3798,102.9681
23.7923,45.4038,102.9819
23.8006,45.4279,102.9958
23.8090,45.4519,103.0097
23.8173,45.4760,103.0235
23.8257,45.5001,103.0374
23.8340,45.5242,103.0513
23.8424,45.5483,103.0651
23.8507,45.5724,103.0790
23.8591,45.5965,103.0929
23.8675,45.6206,103.1068
23.8758,45.6447,103.1207
23.8842,45.6688,103.1346
23.8925,45.6930,103.1484
23.9009,45.7171,103.1623
23.9092,45.7413,103.1762
23.9176,45.7654,103.1901
23.9259,45.7896,103.2040
23.9343,45.8138,103.2179
23.9426,45.8380,103.2319
23.9510,45.8622,103.2458
23.9593,45.8864,103.2597
23.9677,45.9106,103.2736
23.9761,45.9349,103.2875
23.9844,45.9591,103.3015
23.9928,45.9833,103.3154
24.0011,46.0076,103.3293
24.0095,46.0318,103.3433
24.0178,46.0561,103.3572
24.0262,46.0804,103.3711
24.0345,46.1047,103.3851
24.0429,46.1290,103.3990
24.0512,46.1533,103.4130
24.0596,46.1776,103.4269
24.0679,46.2019,103.4409
24.0763,46.2262,103.4548
24.0847,46.2506,103.4688
24.0930,46.2749,103.4828
24.1014,46.2993,103.4967
24.1097,46.3237,103.5107
24.1181,46.3480,103.5247
24.1264,46.3724,103.5387
24.1348,46.3968,103.5526
24.1431,46.4212,103.5666
24.1515,46.4456,103.5806
24.1598,46.4700,103.5946
24.1682,46.4944,103.6086
24.1766,46.5189,103.6226
24.1849,46.5433,103.6366
24.1933,46.5678,103.6506
24.2016,46.5922,103.6646
24.2100,46.6167,103.6786
24.2183,46.6412,103.6926
24.2267,46.6657,103.7066
24.2350,46.6902,103.7207
24.2434,46.7147,103.7347
24.2517,46.7392,103.7487
24.2601,46.7637,103.7627
24.2684,46.7882,103.7768
24.2768,46.8128,103.7908
24.2852,46.8373,103.8048
24.2935,46.8619,103.8189
24.3019,46.8864,103.8329
24.3102,46.9110,103.8470
24.3186,46.9356,103.8610
24.3269,46.9602,103.8751
24.3353,46.9848,103.8891
24.3436,47.0094,103.9032
24.3520,47.0340,103.9173
24.3603,47.0586,103.9313
24.3687,47.0833,103.9454
24.3770,47.1079,103.9595
24.3854,47.1325,103.9735
24.3938,47.1572,103.9876
24.4021,47.1819,104.0017
24.4105,47.2066,104.0158
24.4188,47.2312,104.0299
24.4272,47.2559,104.0440
24.4355,47.2806,104.0580
24.4439,47.3054,104.0721
24.4522,47.3301,104.0862
24.4606,47.3548,104.1003
24.4689,47.3795,104.1145
24.4773,47.4043,104.1286
24.4856,47.4291,104.1427
24.4940,47.4538,104.1568
24.5024,47.4786,104.1709
24.5107,47.5034,104.1850
24.5191,47.5282,104.1992
24.5274,47.5530,104.2133
24.5358,47.5778,104.2274
24.5441,47.6026,104.2416
24.5525,47.6274,104.2557
24.5608,47.6523,104.2698
24.5692,47.6771,104.2840
24.5775,47.7020,104.2981
24.5859,47.7268,104.3123
24.5943,47.7517,104.3264
24.6026,47.7766,104.3406
24.6110,47.8015,104.3547
24.6193,47.8264,104.3689
24.6277,47.8513,104.3831
24.6360,47.8762,104.3972
24.6444,47.9011,104.4114
24.6527,47.9261,104.4256
24.6611,47.9510,104.4398
24.6694,47.9760,104.4539
24.6778,48.0009,104.4681
24.6861,48.0259,104.4823
24.6945,48.0509,104.4965
24.7029,48.0759,104.5107
24.7112,48.1009,104.5249
24.7196,48.1259,104.5391
24.7279,48.1509,104.5533
24.7363,48.1759,104.5675
24.7446,48.2009,104.5817
24.7530,48.2260,104.5959
24.7613,48.2510,104.6102
24.7697,48.2761,104.6244
24.7780,48.3012,104.6386
24.7864,48.3262,104.6528
24.7947,48.3513,104.6670
24.8031,48.3764,104.6813
24.8115,48.4015,104.6955
24.8198,48.4266,104.7098
24.8282,48.4518,104.7240
24.8365,48.4769,104.7382
24.8449,48.5020,104.7525
24.8532,48.5272,104.7667
24.8616,48.5523,104.7810
24.8699,48.5775,104.7953
24.8783,48.6027,104.8095
24.8866,48.6279,104.8238
24.8950,48.6531,104.8380
24.9034,48.6783,104.8523
24.9117,48.7035,104.8666
24.9201,48.7287,104.8809
24.9284,48.7539,104.8951
24.9368,48.7792,104.9094
24.9451,48.8044,104.9237
24.9535,48.8297,104.9380
24.9618,48.8550,104.9523
24.9702,48.8802,104.9666
24.9785,48.9055,104.9809
24.9869,48.9308,104.9952
24.9952,48.9561,105.0095
25.0036,48.9814,105.0238
25.0120,49.0068,105.0381
25.0203,49.0321,105.0524
25.0287,49.0574,105.0668
25.0370,49.0828,105.0811
25.0454,49.1081,105.0954
25.0537,49.1335,105.1097
25.0621,49.1589,105.1241
25.0704,49.1843,105.1384
25.0788,49.2097,105.1527
25.0871,49.2351,105.1671
25.0955,49.2605,105.1814
25.1038,49.2859,105.1958
25.1122,49.3113,105.2101
25.1206,49.3368,105.2245
25.1289,49.3622,105.2388
25.1373,49.3877,105.2532
25.1456,49.4132,105.2676
25.1540,49.4386,105.2819
25.1623,49.4641,105.2963
25.1707,49.4896,105.3107
25.1790,49.5151,105.3250
25.1874,49.5406,105.3394
25.1957,49.5662,105.3538
25.2041,49.5917,105.3682
25.2124,49.6172,105.3826
25.2208,49.6428,105.3970
25.2292,49.6684,105.4114
25.2375,49.6939,105.4258
25.2459,49.7195,105.4402
25.2542,49.7451,105.4546
25.2626,49.7707,105.4690
25.2709,49.7963,105.4834
25.2793,49.8219,105.4978
25.2876,49.8475,105.5122
25.2960,49.8732,105.5266
25.3043,49.8988,105.5411
25.3127,49.9245,105.5555
25.3211,49.9501,105.5699
25.3294,49.9758,105.5844
25.3378,50.0015,105.5988
25.3461,50.0272,105.6132
25.3545,50.0529,105.6277
25.3628,50.0786,105.6421
25.3712,50.1043,105.6566
25.3795,50.1300,105.6710
25.3879,50.1558,105.6855
25.3962,50.1815,105.6999
25.4046,50.2073,105.7144
25.4129,50.2330,105.7289
25.4213,50.2588,105.7433
25.4297,50.2846,105.7578
25.4380,50.3104,105.7723
25.4464,50.3362,105.7868
25.4547,50.3620,105.8013
25.4631,50.3878,105.8157
25.4714,50.4137,105.8302
25.4798,50.4395,105.8447
25.4881,50.4653,105.8592
25.4965,50.4912,105.8737
25.5048,50.5171,105.8882
25.5132,50.5430,105.9027
25.5215,50.5688,105.9172
25.5299,50.5947,105.9318
25.5383,50.6206,105.9463
25.5466,50.6466,105.9608
25.5550,50.6725,105.9753
25.5633,50.6984,105.9898
25.5717,50.7244,106.0044
25.5800,50.7503,106.0189
25.5884,50.7763,106.0334
25.5967,50.8022,106.0480
25.6051,50.8282,106.0625
25.6134,50.8542,106.0771
25.6218,50.8802,106.0916
25.6302,50.9062,106.1062
25.6385,50.9322,106.1207
25.6469,50.9583,106.1353
25.6552,50.9843,106.1498
25.6636,51.0104,106.1644
25.6719,51.0364,106.1790
25.6803,51.0625,106.1935
25.6886,51.0886,106.2081
25.6970,51.1146,106.2227
25.7053,51.1407,106.2373
25.7137,51.1668,106.2518
25.7220,51.1929,106.2664
25.7304,51.2191,106.2810
25.7388,51.2452,106.2956
25.7471,51.2713,106.3102
25.7555,51.2975,106.3248
25.7638,51.3237,106.3394
25.7722,51.3498,106.3540
25.7805,51.3760,106.3686
25.7889,51.4022,106.3833
25.7972,51.4284,106.3979
25.8056,51.4546,106.4125
25.8139,51.4808,106.4271
25.8223,51.5071,106.4417
25.8306,51.5333,106.4564
25.8390,51.5595,106.4710
25.8474,51.5858,106.4856
25.8557,51.6121,106.5003
25.8641,51.6383,106.5149
25.8724,51.6646,106.5296
25.8808,51.6909,106.5442
25.8891,51.7172,106.5589
25.8975,51.7435,106.5735
25.9058,51.7699,106.5882
25.9142,51.7962,106.6029
25.9225,51.8225,106.6175
25.9309,51.8489,106.6322
25.9392,51.8752,106.6469
25.9476,51.9016,106.6615
25.9560,51.9280,106.6762
25.9643,51.9544,106.6909
25.9727,51.9808,106.7056
25.9810,52.0072,106.7203
25.9894,52.0336,106.7350
25.9977,52.0601,106.7497
26.0061,52.0865,106.7644
26.0144,52.1129,106.7791
26.0228,52.1394,106.7938
26.0311,52.1659,106.8085
26.0395,52.1923,106.8232
26.0479,52.2188,106.8379
26.0562,52.2453,106.8526
26.0646,52.2718,106.8674
26.0729,52.2984,106.8821
26.0813,52.3249,106.8968
26.0896,52.3514,106.9116
26.0980,52.3780,106.9263
26.1063,52.4045,106.9410
26.1147,52.4311,106.9558
26.1230,52.4577,106.9705
26.1314,52.4842,106.9853
26.1397,52.5108,107.0000
26.1481,52.5374,107.0148
26.1565,52.5641,107.0295
26.1648,52.5907,107.0443
26.1732,52.6173,107.0591
26.1815,52.6440,107.0738
26.1899,52.6706,107.0886
26.1982,52.6973,107.1034
26.2066,52.7239,107.1182
26.2149,52.7506,107.1329
26.2233,52.7773,107.1477
26.2316,52.8040,107.1625
26.2400,52.8307,107.1773
26.2483,52.8575,107.1921
26.2567,52.8842,107.2069
26.2651,52.9109,107.2217
26.2734,52.9377,107.2365
26.2818,52.9644,107.2513
26.2901,52.9912,107.2661
26.2985,53.0180,107.2810
26.3068,53.0448,107.2958
26.3152,53.0716,107.3106
26.3235,53.0984,107.3254
26.3319,53.1252,107.3403
26.3402,53.1520,107.3551
26.3486,53.1789,107.3699
26.3570,53.2057,107.3848
26.3653,53.2326,107.3996
26.3737,53.2595,107.4145
26.3820,53.2863,107.4293
26.3904,53.3132,107.4442
26.3987,53.3401,107.4590
26.4071,53.3670,107.4739
26.4154,53.3940,107.4887
26.4238,53.4209,107.5036
26.4321,53.4478,107.5185
26.4405,53.4748,107.5334
26.4488,53.5017,107.5482
26.4572,53.5287,107.5631
26.4656,53.5557,107.5780
26.4739,53.5827,107.5929
26.4823,53.6097,107.6078
26.4906,53.6367,107.6227
26.4990,53.6637,107.6376
26.5073,53.6907,107.6525
26.5157,53.7178,107.6674
26.5240,53.7448,107.6823
26.5324,53.7719,107.6972
26.5407,53.7989,107.7121
26.5491,53.8260,107.7270
26.5574,53.8531,107.7419
26.5658,53.8802,107.7569
26.5742,53.9073,107.7718
26.5825,53.9344,107.7867
26.5909,53.9616,107.8017
26.5992,53.9887,107.8166
26.6076,54.0158,107.8315
26.6159,54.0430,107.8465
26.6243,54.0702,107.8614
26.6326,54.0973,107.8764
26.6410,54.1245,107.8913
26.6493,54.1517,107.9063
26.6577,54.1789,107.9213
26.6660,54.2062,107.9362
26.6744,54.2334,107.9512
26.6828,54.2606,107.9662
26.6911,54.2879,107.9812
26.6995,54.3151,107.9961
26.7078,54.3424,108.0111
26.7162,54.3697,108.0261
26.7245,54.3970,108.0411
26.7329,54.4243,108.0561
26.7412,54.4516,108.0711
26.7496,54.4789,108.0861
26.7579,54.5062,108.1011
26.7663,54.5336,108.1161
26.7747,54.5609,108.1311
26.7830,54.5883,108.1461
26.7914,54.6156,108.1611
26.7997,54.6430,108.1761
26.8081,54.6704,108.1912
26.8164,54.6978,108.2062
26.8248,54.7252,108.2212
26.8331,54.7526,108.2363
26.8415,54.7801,108.2513
26.8498,54.8075,108.2663
26.8582,54.8350,108.2814
26.8665,54.8624,108.2964
26.8749,54.8899,108.3115
26.8833,54.9174,108.3265
26.8916,54.9449,108.3416
26.9000,54.9724,108.3567
26.9083,54.9999,108.3717
26.9167,55.0274,108.3868
26.9250,55.0549,108.4019
26.9334,55.0825,108.4169
26.9417,55.1100,108.4320
26.9501,55.1376,108.4471
26.9584,55.1652,108.4622
26.9668,55.1928,108.4773
26.9751,55.2204,108.4924
26.9835,55.2480,108.5075
26.9919,55.2756,108.5226
27.0002,55.3032,108.5377
27.0086,55.3308,108.5528
27.0169,55.3585,108.5679
27.0253,55.3861,108.5830
27.0336,55.4138,108.5981
27.0420,55.4415,108.6132
27.0503,55.4692,108.6283
27.0587,55.4969,108.6435
27.0670,55.5246,108.6586
27.0754,55.5523,108.6737
27.0838,55.5800,108.6889
27.0921,55.6078,108.7040
27.1005,55.6355,108.7192
27.1088,55.6633,108.7343
27.1172,55.6910,108.7495
27.1255,55.7188,108.7646
27.1339,55.7466,108.7798
27.1422,55.7744,108.7949
27.1506,55.8022,108.8101
27.1589,55.8300,108.8253
27.1673,55.8579,108.8404
27.1756,55.8857,108.8556
27.1840,55.9136,108.8708
27.1924,55.9414,108.8860
27.2007,55.9693,108.9012
27.2091,55.9972,108.9163
27.2174,56.0251,108.9315
27.2258,56.0530,108.9467
27.2341,56.0809,108.9619
27.2425,56.1088,108.9771
27.2508,56.1367,108.9923
27.2592,56.1647,109.0076
27.2675,56.1926,109.0228
27.2759,56.2206,109.0380
27.2842,56.2486,109.0532
27.2926,56.2766,109.0684
27.3010,56.3046,109.0837
27.3093,56.3326,109.0989
27.3177,56.3606,109.1141
27.3260,56.3886,109.1294
27.3344,56.4167,109.1446
27.3427,56.4447,109.1598
27.3511,56.4728,109.1751
27.3594,56.5009,109.1903
27.3678,56.5289,109.2056
27.3761,56.5570,109.2209
27.3845,56.5851,109.2361
27.3929,56.6132,109.2514
27.4012,56.6414,109.2667
27.4096,56.6695,109.2819
27.4179,56.6976,109.2972
27.4263,56.7258,109.3125
27.4346,56.7540,109.3278
27.4430,56.7821,109.3431
27.4513,56.8103,109.3583
27.4597,56.8385,109.3736
27.4680,56.8667,109.3889
27.4764,56.8950,109.4042
27.4847,56.9232,109.4195
27.4931,56.9514,109.4349
27.5015,56.9797,109.4502
27.5098,57.0079,109.4655
27.5182,57.0362,109.4808
27.5265,57.0645,109.4961
27.5349,57.0928,109.5114
27.5432,57.1211,109.5268
27.5516,57.1494,109.5421
27.5599,57.1777,109.5574
27.5683,57.2061,109.5728
27.5766,57.2344,109.5881
27.5850,57.2628,109.6035
27.5933,57.2911,109.6188
27.6017,57.3195,109.6342
27.6101,57.3479,109.6495
27.6184,57.3763,109.6649
27.6268,57.4047,109.6803
27.6351,57.4331,109.6956
27.6435,57.4616,109.7110
27.6518,57.4900,109.7264
27.6602,57.5184,109.7418
27.6685,57.5469,109.7571
27.6769,57.5754,109.7725
27.6852,57.6039,109.7879
27.6936,57.6324,109.8033
27.7019,57.6609,109.8187
27.7103,57.6894,109.8341
27.7187,57.7179,109.8495
27.7270,57.7465,109.8649
27.7354,57.7750,109.8803
27.7437,57.8036,109.8957
27.7521,57.8321,109.9112
27.7604,57.8607,109.9266
27.7688,57.8893,109.9420
27.7771,57.9179,109.9574
27.7855,57.9465,109.9729
27.7938,57.9751,109.9883
27.8022,58.0038,110.0037
27.8106,58.0324,110.0192
27.8189,58.0611,110.0346
27.8273,58.0898,110.0501
27.8356,58.1184,110.0655
27.8440,58.1471,110.0810
27.8523,58.1758,110.0964
27.8607,58.2045,110.1119
27.8690,58.2332,110.1274
27.8774,58.2620,110.1428
27.8857,58.2907,110.1583
27.8941,58.3195,110.1738
27.9024,58.3482,110.1893
27.9108,58.3770,110.2048
27.9192,58.4058,110.2203
27.9275,58.4346,110.2358
27.9359,58.4634,110.2512
27.9442,58.4922,110.2667
27.9526,58.5211,110.2822
27.9609,58.5499,110.2978
27.9693,58.5788,110.3133
27.9776,58.6076,110.3288
27.9860,58.6365,110.3443
27.9943,58.6654,110.3598
28.0027,58.6943,110.3753
28.0110,58.7232,110.3909
28.0194,58.7521,110.4064
28.0278,58.7810,110.4219
28.0361,58.8100,110.4375
28.0445,58.8389,110.4530
28.0528,58.8679,110.4686
28.0612,58.8968,110.4841
28.0695,58.9258,110.4997
28.0779,58.9548,110.5152
28.0862,58.9838,110.5308
28.0946,59.0128,110.5464
28.1029,59.0419,110.5619
28.1113,59.0709,110.5775
28.1197,59.1000,110.5931
28.1280,59.1290,110.6087
28.1364,59.1581,110.6242
28.1447,59.1872,110.6398
28.1531,59.2163,110.6554
28.1614,59.2454,110.6710
28.1698,59.2745,110.6866
28.1781,59.3036,110.7022
28.1865,59.3327,110.7178
28.1948,59.3619,110.7334
28.2032,59.3910,110.7490
28.2115,59.4202,110.7646
28.2199,59.4494,110.7803
28.2283,59.4786,110.7959
28.2366,59.5078,110.8115
28.2450,59.5370,110.8271
28.2533,59.5662,110.8428
28.2617,59.5955,110.8584
28.2700,59.6247,110.8740
28.2784,59.6540,110.8897
28.2867,59.6832,110.9053
28.2951,59.7125,110.9210
28.3034,59.7418,110.9366
28.3118,59.7711,110.9523
28.3201,59.8004,110.9680
28.3285,59.8298,110.9836
28.3369,59.8591,110.9993
28.3452,59.8884,111.0150
28.3536,59.9178,111.0307
28.3619,59.9472,111.0463
28.3703,59.9766,111.0620
28.3786,60.0059,111.0777
28.3870,60.0354,111.0934
28.3953,60.0648,111.1091
28.4037,60.0942,111.1248
28.4120,60.1236,111.1405
28.4204,60.1531,111.1562
28.4287,60.1825,111.1719
28.4371,60.2120,111.1876
28.4455,60.2415,111.2033
28.4538,60.2710,111.2191
28.4622,60.3005,111.2348
28.4705,60.3300,111.2505
28.4789,60.3595,111.2662
28.4872,60.3891,111.2820
28.4956,60.4186,111.2977
28.5039,60.4482,111.3135
28.5123,60.4778,111.3292
28.5206,60.5073,111.3450
28.5290,60.5369,111.3607
28.5374,60.5665,111.3765
28.5457,60.5962,111.3922
28.5541,60.6258,111.4080
28.5624,60.6554,111.4238
28.5708,60.6851,111.4395
28.5791,60.7147,111.4553
28.5875,60.7444,111.4711
28.5958,60.7741,111.4869
28.6042,60.8038,111.5027
28.6125,60.8335,111.5185
28.6209,60.8632,111.5342
28.6292,60.8929,111.5500
28.6376,60.9227,111.5658
28.6460,60.9524,111.5817
28.6543,60.9822,111.5975
28.6627,61.0120,111.6133
28.6710,61.0418,111.6291
28.6794,61.0716,111.6449
28.6877,61.1014,111.6607
28.6961,61.1312,111.6766
28.7044,61.1610,111.6924
28.7128,61.1909,111.7082
28.7211,61.2207,111.7241
28.7295,61.2506,111.7399
28.7378,61.2805,111.7558
28.7462,61.3104,111.7716
28.7546,61.3403,111.7875
28.7629,61.3702,111.8033
28.7713,61.4001,111.8192
28.7796,61.4300,111.8350
28.7880,61.4600,111.8509
28.7963,61.4899,111.8668
28.8047,61.5199,111.8827
28.8130,61.5499,111.8985
28.8214,61.5799,111.9144
28.8297,61.6099,111.9303
28.8381,61.6399,111.9462
28.8465,61.6699,111.9621
28.8548,61.7000,111.9780
28.8632,61.7300,111.9939
28.8715,61.7601,112.0098
28.8799,61.7902,112.0257
28.8882,61.8202,112.0416
28.8966,61.8503,112.0575
28.9049,61.8804,112.0735
28.9133,61.9106,112.0894
28.9216,61.9407,112.1053
28.9300,61.9708,112.1212
28.9383,62.0010,112.1372
28.9467,62.0312,112.1531
28.9551,62.0613,112.1691
28.9634,62.0915,112.1850
28.9718,62.1217,112.2009
28.9801,62.1519,112.2169
28.9885,62.1822,112.2329
28.9968,62.2124,112.2488
29.0052,62.2426,112.2648
29.0135,62.2729,112.2808
29.0219,62.3032,112.2967
29.0302,62.3335,112.3127
29.0386,62.3638,112.3287
29.0469,62.3941,112.3447
29.0553,62.4244,112.3607
29.0637,62.4547,112.3766
29.0720,62.4850,112.3926
29.0804,62.5154,112.4086
29.0887,62.5458,112.4246
29.0971,62.5761,112.4406
29.1054,62.6065,112.4567
29.1138,62.6369,112.4727
29.1221,62.6673,112.4887
29.1305,62.6978,112.5047
29.1388,62.7282,112.5207
29.1472,62.7586,112.5368
29.1555,62.7891,112.5528
29.1639,62.8196,112.5688
29.1723,62.8500,112.5849
29.1806,62.8805,112.6009
29.1890,62.9110,112.6170
29.1973,62.9416,112.6330
29.2057,62.9721,112.6491
29.2140,63.0026,112.6651
29.2224,63.0332,112.6812
29.2307,63.0637,112.6973
29.2391,63.0943,112.7133
29.2474,63.1249,112.7294
29.2558,63.1555,112.7455
29.2642,63.1861,112.7616
29.2725,63.2167,112.7777
29.2809,63.2474,112.7937
29.2892,63.2780,112.8098
29.2976,63.3087,112.8259
29.3059,63.3393,112.8420
29.3143,63.3700,112.8581
29.3226,63.4007,112.8742
29.3310,63.4314,112.8904
29.3393,63.4621,112.9065
29.3477,63.4929,112.9226
29.3560,63.5236,112.9387
29.3644,63.5544,112.9548
29.3728,63.5851,112.9710
29.3811,63.6159,112.9871
29.3895,63.6467,113.0032
29.3978,63.6775,113.0194
29.4062,63.7083,113.0355
29.4145,63.7391,113.0517
29.4229,63.7700,113.0678
29.4312,63.8008,113.0840
29.4396,63.8317,113.1002
29.4479,63.8625,113.1163
29.4563,63.8934,113.1325
29.4646,63.9243,113.1487
29.4730,63.9552,113.1648
29.4814,63.9861,113.1810
29.4897,64.0171,113.1972
29.4981,64.0480,113.2134
29.5064,64.0790,113.2296
29.5148,64.1099,113.2458
29.5231,64.1409,113.2620
29.5315,64.1719,113.2782
29.5398,64.2029,113.2944
29.5482,64.2339,113.3106
29.5565,64.2650,113.3268
29.5649,64.2960,113.3430
29.5733,64.3270,113.3593
29.5816,64.3581,113.3755
29.5900,64.3892,113.3917
29.5983,64.4203,113.4080
29.6067,64.4514,113.4242
29.6150,64.4825,113.4404
29.6234,64.5136,113.4567
29.6317,64.5447,113.4729
29.6401,64.5759,113.4892
29.6484,64.6070,113.5054
29.6568,64.6382,113.5217
29.6651,64.6694,113.5380
29.6735,64.7006,113.5542
29.6819,64.7318,113.5705
29.6902,64.7630,113.5868
29.6986,64.7943,113.6031
29.7069,64.8255,113.6194
29.7153,64.8568,113.6356
29.7236,64.8880,113.6519
29.7320,64.9193,113.6682
29.7403,64.9506,113.6845
29.7487,64.9819,113.7008
29.7570,65.0132,113.7171
29.7654,65.0446,113.7335
29.7737,65.0759,113.7498
29.7821,65.1073,113.7661
29.7905,65.1386,113.7824
29.7988,65.1700,113.7987
29.8072,65.2014,113.8151
29.8155,65.2328,113.8314
29.8239,65.2642,113.8477
29.8322,65.2956,113.8641
29.8406,65.3271,113.8804
29.8489,65.3585,113.8968
29.8573,65.3900,113.9131
29.8656,65.4215,113.9295
29.8740,65.4530,113.9459
29.8823,65.4845,113.9622
29.8907,65.5160,113.9786
29.8991,65.5475,113.9950
29.9074,65.5791,114.0113
29.9158,65.6106,114.0277
29.9241,65.6422,114.0441
29.9325,65.6737,114.0605
29.9408,65.7053,114.0769
29.9492,65.7369,114.0933
29.9575,65.7685,114.1097
29.9659,65.8002,114.1261
29.9742,65.8318,114.1425
29.9826,65.8635,114.1589
29.9910,65.8951,114.1753
29.9993,65.9268,114.1917
30.0077,65.9585,114.2082
30.0160,65.9902,114.2246
30.0244,66.0219,114.2410
30.0327,66.0536,114.2575
30.0411,66.0853,114.2739
30.0494,66.1171,114.2903
30.0578,66.1489,114.3068
30.0661,66.1806,114.3232
30.0745,66.2124,114.3397
30.0828,66.2442,114.3562
30.0912,66.2760,114.3726
30.0996,66.3078,114.3891
30.1079,66.3397,114.4056
30.1163,66.3715,114.4220
30.1246,66.4034,114.4385
30.1330,66.4353,114.4550
30.1413,66.4672,114.4715
30.1497,66.4990,114.4880
30.1580,66.5310,114.5045
30.1664,66.5629,114.5210
30.1747,66.5948,114.5375
30.1831,66.6268,114.5540
30.1914,66.6587,114.5705
30.1998,66.6907,114.5870
30.2082,66.7227,114.6035
30.2165,66.7547,114.6200
30.2249,66.7867,114.6366
30.2332,66.8187,114.6531
30.2416,66.8508,114.6696
30.2499,66.8828,114.6862
30.2583,66.9149,114.7027
30.2666,66.9469,114.7193
30.2750,66.9790,114.7358
30.2833,67.0111,114.7524
30.2917,67.0432,114.7689
30.3001,67.0754,114.7855
30.3084,67.1075,114.8020
30.3168,67.1396,114.8186
30.3251,67.1718,114.8352
30.3335,67.2040,114.8518
30.3418,67.2362,114.8683
30.3502,67.2684,114.8849
30.3585,67.3006,114.9015
30.3669,67.3328,114.9181
30.3752,67.3650,114.9347
30.3836,67.3973,114.9513
30.3919,67.4296,114.9679
30.4003,67.4618,114.9845
30.4087,67.4941,115.0011
30.4170,67.5264,115.0178
30.4254,67.5587,115.0344
30.4337,67.5911,115.0510
30.4421,67.6234,115.0676
30.4504,67.6558,115.0843
30.4588,67.6881,115.1009
30.4671,67.7205,115.1175
30.4755,67.7529,115.1342
30.4838,67.7853,115.1508
30.4922,67.8177,115.1675
30.5005,67.8501,115.1842
30.5089,67.8826,115.2008
30.5173,67.9150,115.2175
30.5256,67.9475,115.2341
30.5340,67.9800,115.2508
30.5423,68.0125,115.2675
30.5507,68.0450,115.2842
30.5590,68.0775,115.3009
30.5674,68.1100,115.3176
30.5757,68.1426,115.3342
30.5841,68.1751,115.3509
30.5924,68.2077,115.3676
30.6008,68.2403,115.3844
30.6091,68.2729,115.4011
30.6175,68.3055,115.4178
30.6259,68.3381,115.4345
30.6342,68.3707,115.4512
30.6426,68.4034,115.4679
30.6509,68.4360,115.4847
30.6593,68.4687,115.5014
30.6676,68.5014,115.5181
30.6760,68.5341,115.5349
30.6843,68.5668,115.5516
30.6927,68.5995,115.5684
30.7010,68.6323,115.5851
30.7094,68.6650,115.6019
30.7178,68.6978,115.6186
30.7261,68.7306,115.6354
30.7345,68.7634,115.6522
30.7428,68.7962,115.6690
30.7512,68.8290,115.6857
30.7595,68.8618,115.7025
30.7679,68.8946,115.7193
30.7762,68.9275,115.7361
30.7846,68.9604,115.7529
30.7929,68.9932,115.7697
30.8013,69.0261,115.7865
30.8096,69.0590,115.8033
30.8180,69.0920,115.8201
30.8264,69.1249,115.8369
30.8347,69.1578,115.8537
30.8431,69.1908,115.8705
30.8514,69.2238,115.8874
30.8598,69.2568,115.9042
30.8681,69.2897,115.9210
30.8765,69.3228,115.9379
30.8848,69.3558,115.9547
30.8932,69.3888,115.9716
30.9015,69.4219,115.9884
30.9099,69.4549,116.0053
30.9182,69.4880,116.0221
30.9266,69.5211,116.0390
30.9350,69.5542,116.0559
30.9433,69.5873,116.0727
30.9517,69.6204,116.0896
30.9600,69.6536,116.1065
30.9684,69.6867,116.1234
30.9767,69.7199,116.1403
30.9851,69.7531,116.1571
30.9934,69.7863,116.1740
31.0018,69.8195,116.1909
31.0101,69.8527,116.2078
31.0185,69.8860,116.2247
31.0269,69.9192,116.2417
31.0352,69.9525,116.2586
31.0436,69.9857,116.2755
31.0519,70.0190,116.2924
31.0603,70.0523,116.3093
31.0686,70.0856,116.3263
31.0770,70.1190,116.3432
31.0853,70.1523,116.3602
31.0937,70.1857,116.3771
31.1020,70.2190,116.3940
31.1104,70.2524,116.4110
31.1187,70.2858,116.4280
31.1271,70.3192,116.4449
31.1355,70.3526,116.4619
31.1438,70.3861,116.4789
31.1522,70.4195,116.4958
31.1605,70.4530,116.5128
31.1689,70.4864,116.5298
31.1772,70.5199,116.5468
31.1856,70.5534,116.5638
31.1939,70.5869,116.5808
31.2023,70.6205,116.5977
31.2106,70.6540,116.6148
31.2190,70.6876,116.6318
31.2273,70.7211,116.6488
31.2357,70.7547,116.6658
31.2441,70.7883,116.6828
31.2524,70.8219,116.6998
31.2608,70.8555,116.7168
31.2691,70.8892,116.7339
31.2775,70.9228,116.7509
31.2858,70.9565,116.7680
31.2942,70.9901,116.7850
31.3025,71.0238,116.8020
31.3109,71.0575,116.8191
31.3192,71.0912,116.8361
31.3276,71.1250,116.8532
31.3360,71.1587,116.8703
31.3443,71.1925,116.8873
31.3527,71.2262,116.9044
31.3610,71.2600,116.9215
31.3694,71.2938,116.9386
31.3777,71.3276,116.9557
31.3861,71.3614,116.9727
31.3944,71.3953,116.9898
31.4028,71.4291,117.0069
31.4111,71.4630,117.0240
31.4195,71.4969,117.0411
31.4278,71.5308,117.0582
31.4362,71.5647,117.0754
31.4446,71.5986,117.0925
31.4529,71.6325,117.1096
31.4613,71.6665,117.1267
31.4696,71.7004,117.1439
31.4780,71.7344,117.1610
31.4863,71.7684,117.1781
31.4947,71.8024,117.1953
31.5030,71.8364,117.2124
31.5114,71.8704,117.2296
31.5197,71.9045,117.2467
31.5281,71.9385,117.2639
31.5364,71.9726,117.2810
31.5448,72.0067,117.2982
31.5532,72.0408,117.3154
31.5615,72.0749,117.3326
31.5699,72.1090,117.3497
31.5782,72.1431,117.3669
31.5866,72.1773,117.3841
31.5949,72.2114,117.4013
31.6033,72.2456,117.4185
31.6116,72.2798,117.4357
31.6200,72.3140,117.4529
31.6283,72.3482,117.4701
31.6367,72.3825,117.4873
31.6450,72.4167,117.5046
31.6534,72.4510,117.5218
31.6618,72.4852,117.5390
31.6701,72.5195,117.5562
31.6785,72.5538,117.5735
31.6868,72.5881,117.5907
31.6952,72.6225,117.6080
31.7035,72.6568,117.6252
31.7119,72.6912,117.6425
31.7202,72.7255,117.6597
31.7286,72.7599,117.6770
31.7369,72.7943,117.6942
31.7453,72.8287,117.7115
31.7537,72.8632,117.7288
31.7620,72.8976,117.7460
31.7704,72.9320,117.7633
31.7787,72.9665,117.7806
31.7871,73.0010,117.7979
31.7954,73.0355,117.8152
31.8038,73.0700,117.8325
31.8121,73.1045,117.8498
31.8205,73.1391,117.8671
31.8288,73.1736,117.8844
31.8372,73.2082,117.9017
31.8455,73.2427,117.9191
31.8539,73.2773,117.9364
31.8623,73.3119,117.9537
31.8706,73.3466,117.9710
31.8790,73.3812,117.9884
31.8873,73.4158,118.0057
31.8957,73.4505,118.0231
31.9040,73.4852,118.0404
31.9124,73.5199,118.0578
31.9207,73.5546,118.0751
31.9291,73.5893,118.0925
31.9374,73.6240,118.1098
31.9458,73.6588,118.1272
31.9541,73.6935,118.1446
31.9625,73.7283,118.1620
31.9709,73.7631,118.1794
31.9792,73.7979,118.1967
31.9876,73.8327,118.2141
31.9959,73.8675,118.2315
32.0043,73.9024,118.2489
32.0126,73.9372,118.2663
32.0210,73.9721,118.2837
32.0293,74.0070,118.3012
32.0377,74.0419,118.3186
32.0460,74.0768,118.3360
32.0544,74.1118,118.3534
32.0628,74.1467,118.3708
32.0711,74.1817,118.3883
32.0795,74.2166,118.4057
32.0878,74.2516,118.4232
32.0962,74.2866,118.4406
32.1045,74.3216,118.4581
32.1129,74.3567,118.4755
32.1212,74.3917,118.4930
32.1296,74.4268,118.5104
32.1379,74.4618,118.5279
32.1463,74.4969,118.5454
32.1546,74.5320,118.5629
32.1630,74.5671,118.5803
32.1714,74.6023,118.5978
32.1797,74.6374,118.6153
32.1881,74.6725,118.6328
32.1964,74.7077,118.6503
32.2048,74.7429,118.6678
32.2131,74.7781,118.6853
32.2215,74.8133,118.7028
32.2298,74.8485,118.7203
32.2382,74.8838,118.7379
32.2465,74.9190,118.7554
32.2549,74.9543,118.7729
32.2632,74.9896,118.7905
32.2716,75.0249,118.8080
32.2800,75.0602,118.8255
32.2883,75.0955,118.8431
32.2967,75.1309,118.8606
32.3050,75.1662,118.8782
32.3134,75.2016,118.8957
32.3217,75.2370,118.9133
32.3301,75.2724,118.9309
32.3384,75.3078,118.9484
32.3468,75.3432,118.9660
32.3551,75.3787,118.9836
32.3635,75.4141,119.0012
32.3718,75.4496,119.0188
32.3802,75.4851,119.0364
32.3886,75.5206,119.0540
32.3969,75.5561,119.0716
32.4053,75.5916,119.0892
32.4136,75.6272,119.1068
32.4220,75.6627,119.1244
32.4303,75.6983,119.1420
32.4387,75.7339,119.1597
32.4470,75.7695,119.1773
32.4554,75.8051,119.1949
32.4637,75.8408,119.2126
32.4721,75.8764,119.2302
32.4805,75.9121,119.2478
32.4888,75.9477,119.2655
32.4972,75.9834,119.2831
32.5055,76.0191,119.3008
32.5139,76.0549,119.3185
32.5222,76.0906,119.3361
32.5306,76.1263,119.3538
32.5389,76.1621,119.3715
32.5473,76.1979,119.3892
32.5556,76.2337,119.4069
32.5640,76.2695,119.4245
32.5723,76.3053,119.4422
32.5807,76.3411,119.4599
32.5891,76.3770,119.4776
32.5974,76.4128,119.4953
32.6058,76.4487,119.5131
32.6141,76.4846,119.5308
32.6225,76.5205,119.5485
32.6308,76.5564,119.5662
32.6392,76.5924,119.5839
32.6475,76.6283,119.6017
32.6559,76.6643,119.6194
32.6642,76.7003,119.6372
32.6726,76.7363,119.6549
32.6809,76.7723,119.6727
32.6893,76.8083,119.6904
32.6977,76.8444,119.7082
32.7060,76.8804,119.7259
32.7144,76.9165,119.7437
32.7227,76.9526,119.7615
32.7311,76.9887,119.7793
32.7394,77.0248,119.7970
32.7478,77.0609,119.8148
32.7561,77.0971,119.8326
32.7645,77.1332,119.8504
32.7728,77.1694,119.8682
32.7812,77.2056,119.8860
32.7896,77.2418,119.9038
32.7979,77.2780,119.9216
32.8063,77.3142,119.9395
32.8146,77.3505,119.9573
32.8230,77.3868,119.9751
32.8313,77.4230,119.9929
32.8397,77.4593,120.0108
32.8480,77.4956,120.0286
32.8564,77.5320,120.0465
32.8647,77.5683,120.0643
32.8731,77.6047,120.0822
32.8814,77.6410,120.1000
32.8898,77.6774,120.1179
32.8982,77.7138,120.1357
32.9065,77.7502,120.1536
32.9149,77.7866,120.1715
32.9232,77.8231,120.1894
32.9316,77.8595,120.2072
32.9399,77.8960,120.2251
32.9483,77.9325,120.2430
32.9566,77.9690,120.2609
32.9650,78.0055,120.2788
32.9733,78.0421,120.2967
32.9817,78.0786,120.3146
32.9900,78.1152,120.3326
32.9984,78.1517,120.3505
33.0068,78.1883,120.3684
33.0151,78.2249,120.3863
33.0235,78.2616,120.4043
33.0318,78.2982,120.4222
33.0402,78.3349,120.4401
33.0485,78.3715,120.4581
33.0569,78.4082,120.4760
33.0652,78.4449,120.4940
33.0736,78.4816,120.5120
33.0819,78.5183,120.5299
33.0903,78.5551,120.5479
33.0986,78.5919,120.5659
33.1070,78.6286,120.5838
33.1154,78.6654,120.6018
33.1237,78.7022,120.6198
33.1321,78.7390,120.6378
33.1404,78.7759,120.6558
33.1488,78.8127,120.6738
33.1571,78.8496,120.6918
33.1655,78.8865,120.7098
33.1738,78.9234,120.7278
33.1822,78.9603,120.7459
33.1905,78.9972,120.7639
33.1989,79.0341,120.7819
33.2073,79.0711,120.7999
33.2156,79.1081,120.8180
33.2240,79.1451,120.8360
33.2323,79.1821,120.8541
33.2407,79.2191,120.8721
33.2490,79.2561,120.8902
33.2574,79.2932,120.9082
33.2657,79.3302,120.9263
33.2741,79.3673,120.9444
33.2824,79.4044,120.9624
33.2908,79.4415,120.9805
33.2991,79.4786,120.9986
33.3075,79.5158,121.0167
33.3159,79.5529,121.0348
33.3242,79.5901,121.0529
33.3326,79.6273,121.0710
33.3409,79.6645,121.0891
33.3493,79.7017,121.1072
33.3576,79.7389,121.1253
33.3660,79.7762,121.1434
33.3743,79.8135,121.1615
33.3827,79.8507,121.1797
33.3910,79.8880,121.1978
33.3994,79.9253,121.2159
33.4077,79.9627,121.2341
33.4161,80.0000,121.2522
